layer_key,target_region_id,pypsa_earth_weight,gva_2016_weight,pop_2016_weight,gva_deviation,pop_deviation,status,notes
1,RSA,1.000000000000,1.000000000000,1.000000000000,0.000000000000,0.000000000000,diagnostic_available,PyPSA-RSA GVA_2016/POP_2016 diagnostic only; not used for V1 allocation
10,Eastern Cape,0.113262579554,,,,,diagnostic_unavailable,"No regional GVA_2016/POP_2016 columns in audited layer 10; audited_layers=['1', '10', '159', '27', '34']"
10,Free State,0.025508381047,,,,,diagnostic_unavailable,"No regional GVA_2016/POP_2016 columns in audited layer 10; audited_layers=['1', '10', '159', '27', '34']"
10,Gauteng,0.181009150304,,,,,diagnostic_unavailable,"No regional GVA_2016/POP_2016 columns in audited layer 10; audited_layers=['1', '10', '159', '27', '34']"
10,Hydra Central,0.043688141528,,,,,diagnostic_unavailable,"No regional GVA_2016/POP_2016 columns in audited layer 10; audited_layers=['1', '10', '159', '27', '34']"
10,KwaZulu Natal,0.156833594695,,,,,diagnostic_unavailable,"No regional GVA_2016/POP_2016 columns in audited layer 10; audited_layers=['1', '10', '159', '27', '34']"
10,Limpopo,0.151551983207,,,,,diagnostic_unavailable,"No regional GVA_2016/POP_2016 columns in audited layer 10; audited_layers=['1', '10', '159', '27', '34']"
10,Mpumalanga,0.113222020021,,,,,diagnostic_unavailable,"No regional GVA_2016/POP_2016 columns in audited layer 10; audited_layers=['1', '10', '159', '27', '34']"
10,North West,0.074105358089,,,,,diagnostic_unavailable,"No regional GVA_2016/POP_2016 columns in audited layer 10; audited_layers=['1', '10', '159', '27', '34']"
10,Northern Cape,0.056524896436,,,,,diagnostic_unavailable,"No regional GVA_2016/POP_2016 columns in audited layer 10; audited_layers=['1', '10', '159', '27', '34']"
10,Western Cape,0.084293895119,,,,,diagnostic_unavailable,"No regional GVA_2016/POP_2016 columns in audited layer 10; audited_layers=['1', '10', '159', '27', '34']"
34,East London,0.025373363003,,,,,diagnostic_unavailable,"No regional GVA_2016/POP_2016 columns in audited layer 34; audited_layers=['1', '10', '159', '27', '34']"
34,Gqeberha,0.052031277519,,,,,diagnostic_unavailable,"No regional GVA_2016/POP_2016 columns in audited layer 34; audited_layers=['1', '10', '159', '27', '34']"
34,Mthatha,0.035857939031,,,,,diagnostic_unavailable,"No regional GVA_2016/POP_2016 columns in audited layer 34; audited_layers=['1', '10', '159', '27', '34']"
34,Bloemfontein,0.009534588625,,,,,diagnostic_unavailable,"No regional GVA_2016/POP_2016 columns in audited layer 34; audited_layers=['1', '10', '159', '27', '34']"
34,Welkom,0.015973792422,,,,,diagnostic_unavailable,"No regional GVA_2016/POP_2016 columns in audited layer 34; audited_layers=['1', '10', '159', '27', '34']"
34,Johannesburg,0.033297534644,,,,,diagnostic_unavailable,"No regional GVA_2016/POP_2016 columns in audited layer 34; audited_layers=['1', '10', '159', '27', '34']"
34,Midrand,0.014014330608,,,,,diagnostic_unavailable,"No regional GVA_2016/POP_2016 columns in audited layer 34; audited_layers=['1', '10', '159', '27', '34']"
34,Nigel,0.037059572804,,,,,diagnostic_unavailable,"No regional GVA_2016/POP_2016 columns in audited layer 34; audited_layers=['1', '10', '159', '27', '34']"
34,Pretoria,0.039987161951,,,,,diagnostic_unavailable,"No regional GVA_2016/POP_2016 columns in audited layer 34; audited_layers=['1', '10', '159', '27', '34']"
34,Vaal,0.020072026890,,,,,diagnostic_unavailable,"No regional GVA_2016/POP_2016 columns in audited layer 34; audited_layers=['1', '10', '159', '27', '34']"
34,West Rand,0.036578523407,,,,,diagnostic_unavailable,"No regional GVA_2016/POP_2016 columns in audited layer 34; audited_layers=['1', '10', '159', '27', '34']"
34,Hydra Central,0.043688141528,,,,,diagnostic_unavailable,"No regional GVA_2016/POP_2016 columns in audited layer 34; audited_layers=['1', '10', '159', '27', '34']"
34,Empangeni,0.045901823097,,,,,diagnostic_unavailable,"No regional GVA_2016/POP_2016 columns in audited layer 34; audited_layers=['1', '10', '159', '27', '34']"
34,Ladysmith,0.035591819281,,,,,diagnostic_unavailable,"No regional GVA_2016/POP_2016 columns in audited layer 34; audited_layers=['1', '10', '159', '27', '34']"
34,Newcastle,0.028894324963,,,,,diagnostic_unavailable,"No regional GVA_2016/POP_2016 columns in audited layer 34; audited_layers=['1', '10', '159', '27', '34']"
34,Pinetown,0.046445627355,,,,,diagnostic_unavailable,"No regional GVA_2016/POP_2016 columns in audited layer 34; audited_layers=['1', '10', '159', '27', '34']"
34,Lephalale,0.033494606195,,,,,diagnostic_unavailable,"No regional GVA_2016/POP_2016 columns in audited layer 34; audited_layers=['1', '10', '159', '27', '34']"
34,Phalaborwa,0.031561273552,,,,,diagnostic_unavailable,"No regional GVA_2016/POP_2016 columns in audited layer 34; audited_layers=['1', '10', '159', '27', '34']"
34,Polokwane,0.056341218362,,,,,diagnostic_unavailable,"No regional GVA_2016/POP_2016 columns in audited layer 34; audited_layers=['1', '10', '159', '27', '34']"
34,Warmbad,0.030154885098,,,,,diagnostic_unavailable,"No regional GVA_2016/POP_2016 columns in audited layer 34; audited_layers=['1', '10', '159', '27', '34']"
34,Highveld South,0.042682487052,,,,,diagnostic_unavailable,"No regional GVA_2016/POP_2016 columns in audited layer 34; audited_layers=['1', '10', '159', '27', '34']"
34,Lowveld,0.016364937801,,,,,diagnostic_unavailable,"No regional GVA_2016/POP_2016 columns in audited layer 34; audited_layers=['1', '10', '159', '27', '34']"
34,Middelburg,0.025380651205,,,,,diagnostic_unavailable,"No regional GVA_2016/POP_2016 columns in audited layer 34; audited_layers=['1', '10', '159', '27', '34']"
34,Witbank,0.028793943962,,,,,diagnostic_unavailable,"No regional GVA_2016/POP_2016 columns in audited layer 34; audited_layers=['1', '10', '159', '27', '34']"
34,Carletonville,0.067334940743,,,,,diagnostic_unavailable,"No regional GVA_2016/POP_2016 columns in audited layer 34; audited_layers=['1', '10', '159', '27', '34']"
34,Rustenburg,0.006770417346,,,,,diagnostic_unavailable,"No regional GVA_2016/POP_2016 columns in audited layer 34; audited_layers=['1', '10', '159', '27', '34']"
34,Kalahari,0.019690672701,,,,,diagnostic_unavailable,"No regional GVA_2016/POP_2016 columns in audited layer 34; audited_layers=['1', '10', '159', '27', '34']"
34,Kimberley,0.017490819756,,,,,diagnostic_unavailable,"No regional GVA_2016/POP_2016 columns in audited layer 34; audited_layers=['1', '10', '159', '27', '34']"
34,Namaqualand,0.005853862859,,,,,diagnostic_unavailable,"No regional GVA_2016/POP_2016 columns in audited layer 34; audited_layers=['1', '10', '159', '27', '34']"
34,Vredendal,0.013489541120,,,,,diagnostic_unavailable,"No regional GVA_2016/POP_2016 columns in audited layer 34; audited_layers=['1', '10', '159', '27', '34']"
34,Greater Komsberg,0.004749667229,,,,,diagnostic_unavailable,"No regional GVA_2016/POP_2016 columns in audited layer 34; audited_layers=['1', '10', '159', '27', '34']"
34,Outeniqua,0.061802575842,,,,,diagnostic_unavailable,"No regional GVA_2016/POP_2016 columns in audited layer 34; audited_layers=['1', '10', '159', '27', '34']"
34,Peninsula,0.004384430026,,,,,diagnostic_unavailable,"No regional GVA_2016/POP_2016 columns in audited layer 34; audited_layers=['1', '10', '159', '27', '34']"
34,West Coast,0.013357222023,,,,,diagnostic_unavailable,"No regional GVA_2016/POP_2016 columns in audited layer 34; audited_layers=['1', '10', '159', '27', '34']"
