canonical_name,carrier,technology,capacity_mw_final,capacity_mw_ppm,capacity_mw_rsa,capacity_mw_reipppp,eskom_anchor_capacity_mw,anchor_delta_mw,date_in_final,date_out_final,lat_final,lon_final,source_ppm,source_rsa,source_reipppp,status_2023,included_2023,decision,decision_reason,notes
Arnot,coal,Steam Turbine,1050.0000,,1050.0,,,,1990,,-25.94444,29.79166,,"data/za_audit/pypsa_rsa_fixed_technologies_2023_candidates.csv (scenario_set=ME IRP 2024, Scenario=BASE, sheet=conventional)",,operating,True,include,active 2023 by commissioning/decommissioning year in PyPSA-RSA BASE scenario,raw_name='Arnot*'; csp_storage_hours=nan; max_storage_hours=nan; storage_gwh=nan
Arnot,coal,Steam Turbine,1050.0000,,1050.0,,,,1990,,-25.94444,29.79166,,"data/za_audit/pypsa_rsa_fixed_technologies_2023_candidates.csv (scenario_set=ME IRP 2024, Scenario=BASE, sheet=conventional)",,operating,True,include,active 2023 by commissioning/decommissioning year in PyPSA-RSA BASE scenario,raw_name='Arnot**'; csp_storage_hours=nan; max_storage_hours=nan; storage_gwh=nan
Camden,coal,Steam Turbine,570.0000,,570.0,,,,1990,,-26.62007,30.09113,,"data/za_audit/pypsa_rsa_fixed_technologies_2023_candidates.csv (scenario_set=ME IRP 2024, Scenario=BASE, sheet=conventional)",,operating,True,include,active 2023 by commissioning/decommissioning year in PyPSA-RSA BASE scenario,raw_name='Camden*'; csp_storage_hours=nan; max_storage_hours=nan; storage_gwh=nan
Camden,coal,Steam Turbine,911.0000,,911.0,,,,1990,,-26.62007,30.09113,,"data/za_audit/pypsa_rsa_fixed_technologies_2023_candidates.csv (scenario_set=ME IRP 2024, Scenario=BASE, sheet=conventional)",,operating,True,include,active 2023 by commissioning/decommissioning year in PyPSA-RSA BASE scenario,raw_name='Camden**'; csp_storage_hours=nan; max_storage_hours=nan; storage_gwh=nan
Duvha,coal,Steam Turbine,1150.0000,,1150.0,,,,1990,,-25.95954,29.34094,,"data/za_audit/pypsa_rsa_fixed_technologies_2023_candidates.csv (scenario_set=ME IRP 2024, Scenario=BASE, sheet=conventional)",,operating,True,include,active 2023 by commissioning/decommissioning year in PyPSA-RSA BASE scenario,raw_name='Duvha*'; csp_storage_hours=nan; max_storage_hours=nan; storage_gwh=nan
Duvha,coal,Steam Turbine,1725.0000,,1725.0,,,,1990,,-25.95954,29.34094,,"data/za_audit/pypsa_rsa_fixed_technologies_2023_candidates.csv (scenario_set=ME IRP 2024, Scenario=BASE, sheet=conventional)",,operating,True,include,active 2023 by commissioning/decommissioning year in PyPSA-RSA BASE scenario,raw_name='Duvha**'; csp_storage_hours=nan; max_storage_hours=nan; storage_gwh=nan
Grootvlei,coal,Steam Turbine,380.0000,,380.0,,,,1990,,-26.76955,28.49951,,"data/za_audit/pypsa_rsa_fixed_technologies_2023_candidates.csv (scenario_set=ME IRP 2024, Scenario=BASE, sheet=conventional)",,operating,True,include,active 2023 by commissioning/decommissioning year in PyPSA-RSA BASE scenario,raw_name='Grootvlei*'; csp_storage_hours=nan; max_storage_hours=nan; storage_gwh=nan
Grootvlei,coal,Steam Turbine,190.0000,,190.0,,,,1990,,-26.76955,28.49951,,"data/za_audit/pypsa_rsa_fixed_technologies_2023_candidates.csv (scenario_set=ME IRP 2024, Scenario=BASE, sheet=conventional)",,operating,True,include,active 2023 by commissioning/decommissioning year in PyPSA-RSA BASE scenario,raw_name='Grootvlei**'; csp_storage_hours=nan; max_storage_hours=nan; storage_gwh=nan
Hendrina,coal,Steam Turbine,760.0000,,760.0,,,,1990,,-26.03138,29.60138,,"data/za_audit/pypsa_rsa_fixed_technologies_2023_candidates.csv (scenario_set=ME IRP 2024, Scenario=BASE, sheet=conventional)",,operating,True,include,active 2023 by commissioning/decommissioning year in PyPSA-RSA BASE scenario,raw_name='Hendrina*'; csp_storage_hours=nan; max_storage_hours=nan; storage_gwh=nan
Hendrina,coal,Steam Turbine,338.0000,,338.0,,,,1990,,-26.62007,30.09113,,"data/za_audit/pypsa_rsa_fixed_technologies_2023_candidates.csv (scenario_set=ME IRP 2024, Scenario=BASE, sheet=conventional)",,operating,True,include,active 2023 by commissioning/decommissioning year in PyPSA-RSA BASE scenario,raw_name='Hendrina**'; csp_storage_hours=nan; max_storage_hours=nan; storage_gwh=nan
Kelvin,coal,Steam Turbine,160.0000,,160.0,,,,1990,,-26.115776,28.1138,,"data/za_audit/pypsa_rsa_fixed_technologies_2023_candidates.csv (scenario_set=ME IRP 2024, Scenario=BASE, sheet=conventional)",,operating,True,include,active 2023 by commissioning/decommissioning year in PyPSA-RSA BASE scenario,raw_name='Kelvin'; csp_storage_hours=nan; max_storage_hours=nan; storage_gwh=nan
Kendal,coal,Steam Turbine,1920.0000,,1920.0,,,,1990,,-26.08805,28.96888,,"data/za_audit/pypsa_rsa_fixed_technologies_2023_candidates.csv (scenario_set=ME IRP 2024, Scenario=BASE, sheet=conventional)",,operating,True,include,active 2023 by commissioning/decommissioning year in PyPSA-RSA BASE scenario,raw_name='Kendal*'; csp_storage_hours=nan; max_storage_hours=nan; storage_gwh=nan
Kendal,coal,Steam Turbine,1920.0000,,1920.0,,,,1990,,-26.08805,28.96888,,"data/za_audit/pypsa_rsa_fixed_technologies_2023_candidates.csv (scenario_set=ME IRP 2024, Scenario=BASE, sheet=conventional)",,operating,True,include,active 2023 by commissioning/decommissioning year in PyPSA-RSA BASE scenario,raw_name='Kendal**'; csp_storage_hours=nan; max_storage_hours=nan; storage_gwh=nan
Kriel,coal,Steam Turbine,1215.0000,,1215.0,,,,1990,,-26.25404,29.18008,,"data/za_audit/pypsa_rsa_fixed_technologies_2023_candidates.csv (scenario_set=ME IRP 2024, Scenario=BASE, sheet=conventional)",,operating,True,include,active 2023 by commissioning/decommissioning year in PyPSA-RSA BASE scenario,raw_name='Kriel*'; csp_storage_hours=nan; max_storage_hours=nan; storage_gwh=nan
Kriel,coal,Steam Turbine,1425.0000,,1425.0,,,,1990,,-26.25404,29.18008,,"data/za_audit/pypsa_rsa_fixed_technologies_2023_candidates.csv (scenario_set=ME IRP 2024, Scenario=BASE, sheet=conventional)",,operating,True,include,active 2023 by commissioning/decommissioning year in PyPSA-RSA BASE scenario,raw_name='Kriel**'; csp_storage_hours=nan; max_storage_hours=nan; storage_gwh=nan
Kusile,coal,Steam Turbine,2880.0000,,2880.0,,,,1990,,-25.92007,28.924942,,"data/za_audit/pypsa_rsa_fixed_technologies_2023_candidates.csv (scenario_set=ME IRP 2024, Scenario=BASE, sheet=conventional)",,operating,True,include,active 2023 by commissioning/decommissioning year in PyPSA-RSA BASE scenario,raw_name='Kusile*'; csp_storage_hours=nan; max_storage_hours=nan; storage_gwh=nan
Kusile,coal,Steam Turbine,720.0000,,720.0,,,,2023,,-25.92007,28.924942,,"data/za_audit/pypsa_rsa_fixed_technologies_2023_candidates.csv (scenario_set=ME IRP 2024, Scenario=BASE, sheet=conventional)",,commissioning,True,include,active 2023 by commissioning/decommissioning year in PyPSA-RSA BASE scenario,raw_name='Kusile**'; csp_storage_hours=nan; max_storage_hours=nan; storage_gwh=nan
Lethabo,coal,Steam Turbine,1779.0000,,1779.0,,,,1990,,-26.74027,27.975,,"data/za_audit/pypsa_rsa_fixed_technologies_2023_candidates.csv (scenario_set=ME IRP 2024, Scenario=BASE, sheet=conventional)",,operating,True,include,active 2023 by commissioning/decommissioning year in PyPSA-RSA BASE scenario,raw_name='Lethabo*'; csp_storage_hours=nan; max_storage_hours=nan; storage_gwh=nan
Lethabo,coal,Steam Turbine,1779.0000,,1779.0,,,,1990,,-26.74027,27.975,,"data/za_audit/pypsa_rsa_fixed_technologies_2023_candidates.csv (scenario_set=ME IRP 2024, Scenario=BASE, sheet=conventional)",,operating,True,include,active 2023 by commissioning/decommissioning year in PyPSA-RSA BASE scenario,raw_name='Lethabo**'; csp_storage_hours=nan; max_storage_hours=nan; storage_gwh=nan
Majuba,coal,Steam Turbine,1818.0000,,1818.0,,,,1990,,-27.09555,29.77055,,"data/za_audit/pypsa_rsa_fixed_technologies_2023_candidates.csv (scenario_set=ME IRP 2024, Scenario=BASE, sheet=conventional)",,operating,True,include,active 2023 by commissioning/decommissioning year in PyPSA-RSA BASE scenario,raw_name='Majuba*'; csp_storage_hours=nan; max_storage_hours=nan; storage_gwh=nan
Majuba,coal,Steam Turbine,1989.0000,,1989.0,,,,1990,,-27.09555,29.77055,,"data/za_audit/pypsa_rsa_fixed_technologies_2023_candidates.csv (scenario_set=ME IRP 2024, Scenario=BASE, sheet=conventional)",,operating,True,include,active 2023 by commissioning/decommissioning year in PyPSA-RSA BASE scenario,raw_name='Majuba**'; csp_storage_hours=nan; max_storage_hours=nan; storage_gwh=nan
Matimba,coal,Steam Turbine,1845.0000,,1845.0,,,,1990,,-23.66777,27.61277,,"data/za_audit/pypsa_rsa_fixed_technologies_2023_candidates.csv (scenario_set=ME IRP 2024, Scenario=BASE, sheet=conventional)",,operating,True,include,active 2023 by commissioning/decommissioning year in PyPSA-RSA BASE scenario,raw_name='Matimba*'; csp_storage_hours=nan; max_storage_hours=nan; storage_gwh=nan
Matimba,coal,Steam Turbine,1845.0000,,1845.0,,,,1990,,-23.66777,27.61277,,"data/za_audit/pypsa_rsa_fixed_technologies_2023_candidates.csv (scenario_set=ME IRP 2024, Scenario=BASE, sheet=conventional)",,operating,True,include,active 2023 by commissioning/decommissioning year in PyPSA-RSA BASE scenario,raw_name='Matimba**'; csp_storage_hours=nan; max_storage_hours=nan; storage_gwh=nan
Matla,coal,Steam Turbine,1725.0000,,1725.0,,,,1990,,-26.28036,29.14229,,"data/za_audit/pypsa_rsa_fixed_technologies_2023_candidates.csv (scenario_set=ME IRP 2024, Scenario=BASE, sheet=conventional)",,operating,True,include,active 2023 by commissioning/decommissioning year in PyPSA-RSA BASE scenario,raw_name='Matla*'; csp_storage_hours=nan; max_storage_hours=nan; storage_gwh=nan
Matla,coal,Steam Turbine,1725.0000,,1725.0,,,,1990,,-26.28036,29.14229,,"data/za_audit/pypsa_rsa_fixed_technologies_2023_candidates.csv (scenario_set=ME IRP 2024, Scenario=BASE, sheet=conventional)",,operating,True,include,active 2023 by commissioning/decommissioning year in PyPSA-RSA BASE scenario,raw_name='Matla**'; csp_storage_hours=nan; max_storage_hours=nan; storage_gwh=nan
Medupi,coal,Steam Turbine,3600.0000,,3600.0,,,,1990,,-23.42,27.33,,"data/za_audit/pypsa_rsa_fixed_technologies_2023_candidates.csv (scenario_set=ME IRP 2024, Scenario=BASE, sheet=conventional)",,operating,True,include,active 2023 by commissioning/decommissioning year in PyPSA-RSA BASE scenario,raw_name='Medupi*'; csp_storage_hours=nan; max_storage_hours=nan; storage_gwh=nan
Medupi,coal,Steam Turbine,717.0000,,717.0,,,,1990,,-23.42,27.33,,"data/za_audit/pypsa_rsa_fixed_technologies_2023_candidates.csv (scenario_set=ME IRP 2024, Scenario=BASE, sheet=conventional)",,operating,True,include,active 2023 by commissioning/decommissioning year in PyPSA-RSA BASE scenario,raw_name='Medupi**'; csp_storage_hours=nan; max_storage_hours=nan; storage_gwh=nan
Tutuka,coal,Steam Turbine,1755.0000,,1755.0,,,,1990,,-26.77565,29.35212,,"data/za_audit/pypsa_rsa_fixed_technologies_2023_candidates.csv (scenario_set=ME IRP 2024, Scenario=BASE, sheet=conventional)",,operating,True,include,active 2023 by commissioning/decommissioning year in PyPSA-RSA BASE scenario,raw_name='Tutuka*'; csp_storage_hours=nan; max_storage_hours=nan; storage_gwh=nan
Tutuka,coal,Steam Turbine,1755.0000,,1755.0,,,,1990,,-26.77565,29.35212,,"data/za_audit/pypsa_rsa_fixed_technologies_2023_candidates.csv (scenario_set=ME IRP 2024, Scenario=BASE, sheet=conventional)",,operating,True,include,active 2023 by commissioning/decommissioning year in PyPSA-RSA BASE scenario,raw_name='Tutuka**'; csp_storage_hours=nan; max_storage_hours=nan; storage_gwh=nan
Koeberg,nuclear,Steam Turbine,1854.0000,,1854.0,,,,1990,,-33.67359354,18.428247,,"data/za_audit/pypsa_rsa_fixed_technologies_2023_candidates.csv (scenario_set=ME IRP 2024, Scenario=BASE, sheet=conventional)",,operating,True,include,active 2023 by commissioning/decommissioning year in PyPSA-RSA BASE scenario,raw_name='Koeberg'; csp_storage_hours=nan; max_storage_hours=nan; storage_gwh=nan
Ankerlig,ocgt_diesel,OCGT,1332.0000,,1332.0,,,,1990,,-33.592,18.4607,,"data/za_audit/pypsa_rsa_fixed_technologies_2023_candidates.csv (scenario_set=ME IRP 2024, Scenario=BASE, sheet=conventional)",,operating,True,include,active 2023 by commissioning/decommissioning year in PyPSA-RSA BASE scenario,raw_name='Ankerlig'; csp_storage_hours=nan; max_storage_hours=nan; storage_gwh=nan
Gourikwa,ocgt_diesel,OCGT,740.0000,,740.0,,,,1990,,-34.16526,21.96077,,"data/za_audit/pypsa_rsa_fixed_technologies_2023_candidates.csv (scenario_set=ME IRP 2024, Scenario=BASE, sheet=conventional)",,operating,True,include,active 2023 by commissioning/decommissioning year in PyPSA-RSA BASE scenario,raw_name='Gourikwa'; csp_storage_hours=nan; max_storage_hours=nan; storage_gwh=nan
Acacia,ocgt_diesel,OCGT,171.0000,,171.0,,,,1990,,-33.88408,18.53361,,"data/za_audit/pypsa_rsa_fixed_technologies_2023_candidates.csv (scenario_set=ME IRP 2024, Scenario=BASE, sheet=conventional)",,operating,True,include,active 2023 by commissioning/decommissioning year in PyPSA-RSA BASE scenario,raw_name='Acacia'; csp_storage_hours=nan; max_storage_hours=nan; storage_gwh=nan
PortRex,ocgt_diesel,OCGT,171.0000,,171.0,,,,1990,,-33.02739,27.88382,,"data/za_audit/pypsa_rsa_fixed_technologies_2023_candidates.csv (scenario_set=ME IRP 2024, Scenario=BASE, sheet=conventional)",,operating,True,include,active 2023 by commissioning/decommissioning year in PyPSA-RSA BASE scenario,raw_name='PortRex'; csp_storage_hours=nan; max_storage_hours=nan; storage_gwh=nan
Gariep,hydro,Reservoir,360.0000,,360.0,,,,1990,,-30.62396,25.50403,,"data/za_audit/pypsa_rsa_fixed_technologies_2023_candidates.csv (scenario_set=ME IRP 2024, Scenario=BASE, sheet=conventional)",,operating,True,include,active 2023 by commissioning/decommissioning year in PyPSA-RSA BASE scenario,raw_name='Gariep'; csp_storage_hours=nan; max_storage_hours=nan; storage_gwh=nan
Vanderkloof,hydro,Reservoir,240.0000,,240.0,,,,1990,,-29.99337,24.73384,,"data/za_audit/pypsa_rsa_fixed_technologies_2023_candidates.csv (scenario_set=ME IRP 2024, Scenario=BASE, sheet=conventional)",,operating,True,include,active 2023 by commissioning/decommissioning year in PyPSA-RSA BASE scenario,raw_name='Vanderkloof'; csp_storage_hours=nan; max_storage_hours=nan; storage_gwh=nan
Avon,ocgt_diesel,OCGT,670.0000,,670.0,,,,1990,,-29.251,31.0941,,"data/za_audit/pypsa_rsa_fixed_technologies_2023_candidates.csv (scenario_set=ME IRP 2024, Scenario=BASE, sheet=conventional)",,operating,True,include,active 2023 by commissioning/decommissioning year in PyPSA-RSA BASE scenario,raw_name='Avon'; csp_storage_hours=nan; max_storage_hours=nan; storage_gwh=nan
Dedisa,ocgt_diesel,OCGT,335.0000,,335.0,,,,1990,,-33.4433,25.4022,,"data/za_audit/pypsa_rsa_fixed_technologies_2023_candidates.csv (scenario_set=ME IRP 2024, Scenario=BASE, sheet=conventional)",,operating,True,include,active 2023 by commissioning/decommissioning year in PyPSA-RSA BASE scenario,raw_name='Dedisa'; csp_storage_hours=nan; max_storage_hours=nan; storage_gwh=nan
Kaxu Solar One,csp,CSP,100.0000,,100.0,,,,2015,,-28.8793,19.5929,,"data/za_audit/pypsa_rsa_fixed_technologies_2023_candidates.csv (scenario_set=ME IRP 2024, Scenario=BASE, sheet=renewables)",,operating,True,include,active 2023 by commissioning/decommissioning year in PyPSA-RSA BASE scenario,raw_name='Kaxu Solar One'; csp_storage_hours=3; max_storage_hours=nan; storage_gwh=nan
Khi Solar One,csp,CSP,50.0000,,50.0,,,,2015,,-28.5364,21.0782,,"data/za_audit/pypsa_rsa_fixed_technologies_2023_candidates.csv (scenario_set=ME IRP 2024, Scenario=BASE, sheet=renewables)",,operating,True,include,active 2023 by commissioning/decommissioning year in PyPSA-RSA BASE scenario,raw_name='Khi Solar One'; csp_storage_hours=6; max_storage_hours=nan; storage_gwh=nan
Bokpoort CSP project,csp,CSP,50.0000,,50.0,,,,2016,,-28.7333,21.9955,,"data/za_audit/pypsa_rsa_fixed_technologies_2023_candidates.csv (scenario_set=ME IRP 2024, Scenario=BASE, sheet=renewables)",,operating,True,include,active 2023 by commissioning/decommissioning year in PyPSA-RSA BASE scenario,raw_name='Bokpoort CSP project'; csp_storage_hours=9; max_storage_hours=nan; storage_gwh=nan
!XiNa Solar One,csp,CSP,100.0000,,100.0,,,,2017,,-28.8906,19.5918,,"data/za_audit/pypsa_rsa_fixed_technologies_2023_candidates.csv (scenario_set=ME IRP 2024, Scenario=BASE, sheet=renewables)",,operating,True,include,active 2023 by commissioning/decommissioning year in PyPSA-RSA BASE scenario,raw_name='!XiNa Solar One'; csp_storage_hours=6; max_storage_hours=nan; storage_gwh=nan
Karoshoek Solar One,csp,CSP,100.0000,,100.0,,,,2019,,-28.4819,21.5204,,"data/za_audit/pypsa_rsa_fixed_technologies_2023_candidates.csv (scenario_set=ME IRP 2024, Scenario=BASE, sheet=renewables)",,operating,True,include,active 2023 by commissioning/decommissioning year in PyPSA-RSA BASE scenario,raw_name='Karoshoek Solar One'; csp_storage_hours=6; max_storage_hours=nan; storage_gwh=nan
Kathu Solar Park,csp,CSP,100.0000,,100.0,,,,2019,,-27.6095,23.0276,,"data/za_audit/pypsa_rsa_fixed_technologies_2023_candidates.csv (scenario_set=ME IRP 2024, Scenario=BASE, sheet=renewables)",,operating,True,include,active 2023 by commissioning/decommissioning year in PyPSA-RSA BASE scenario,raw_name='Kathu Solar Park'; csp_storage_hours=6; max_storage_hours=nan; storage_gwh=nan
Neusberg Hydro Electrical Project,hydro,Reservoir,10.0000,,10.0,,,,2020,,-28.7526965922516,20.5335002983643,,"data/za_audit/pypsa_rsa_fixed_technologies_2023_candidates.csv (scenario_set=ME IRP 2024, Scenario=BASE, sheet=renewables)",,operating,True,include,active 2023 by commissioning/decommissioning year in PyPSA-RSA BASE scenario,raw_name='Neusberg Hydro Electrical Project'; csp_storage_hours=-; max_storage_hours=nan; storage_gwh=nan
Stortemelk Hydro,hydro,Reservoir,4.2200,,4.22,,,,2020,,-28.5141541489407,28.4101438223705,,"data/za_audit/pypsa_rsa_fixed_technologies_2023_candidates.csv (scenario_set=ME IRP 2024, Scenario=BASE, sheet=renewables)",,operating,True,include,active 2023 by commissioning/decommissioning year in PyPSA-RSA BASE scenario,raw_name='Stortemelk Hydro'; csp_storage_hours=-; max_storage_hours=nan; storage_gwh=nan
Kruisvallei Hydro,hydro,Reservoir,3.8000,,3.8,,,,2020,,-28.2425030696516,28.3076832839413,,"data/za_audit/pypsa_rsa_fixed_technologies_2023_candidates.csv (scenario_set=ME IRP 2024, Scenario=BASE, sheet=renewables)",,operating,True,include,active 2023 by commissioning/decommissioning year in PyPSA-RSA BASE scenario,raw_name='Kruisvallei Hydro'; csp_storage_hours=-; max_storage_hours=nan; storage_gwh=nan
ColleyWobbles,hydro,Reservoir,65.0000,,65.0,,,,2020,,-32.05,28.58333,,"data/za_audit/pypsa_rsa_fixed_technologies_2023_candidates.csv (scenario_set=ME IRP 2024, Scenario=BASE, sheet=renewables)",,operating,True,include,active 2023 by commissioning/decommissioning year in PyPSA-RSA BASE scenario,raw_name='ColleyWobbles'; csp_storage_hours=-; max_storage_hours=nan; storage_gwh=nan
ENERGY Joburg Landfill Gas to Electircity Project,biomass,Steam Turbine,7.5600,,7.56,,,,2020,,-26.1949542428945,28.0325284000202,,"data/za_audit/pypsa_rsa_fixed_technologies_2023_candidates.csv (scenario_set=ME IRP 2024, Scenario=BASE, sheet=renewables)",,operating,True,include,active 2023 by commissioning/decommissioning year in PyPSA-RSA BASE scenario,raw_name='ENERGY Joburg Landfill Gas to Electircity Project'; csp_storage_hours=-; max_storage_hours=nan; storage_gwh=nan
Ngodwana Energy,biomass,Steam Turbine,25.0000,,25.0,,,,2020,,-25.4808983658985,30.9743048364687,,"data/za_audit/pypsa_rsa_fixed_technologies_2023_candidates.csv (scenario_set=ME IRP 2024, Scenario=BASE, sheet=renewables)",,operating,True,include,active 2023 by commissioning/decommissioning year in PyPSA-RSA BASE scenario,raw_name='Ngodwana Energy'; csp_storage_hours=-; max_storage_hours=nan; storage_gwh=nan
Mondi,biomass,Steam Turbine,120.0000,,120.0,,,,2020,,,,,"data/za_audit/pypsa_rsa_fixed_technologies_2023_candidates.csv (scenario_set=ME IRP 2024, Scenario=BASE, sheet=renewables)",,operating,True,include,active 2023 by commissioning/decommissioning year in PyPSA-RSA BASE scenario,raw_name='Mondi'; csp_storage_hours=-; max_storage_hours=nan; storage_gwh=nan
Sappi,biomass,Steam Turbine,144.0000,,144.0,,,,2020,,-25.3447,30.394,,"data/za_audit/pypsa_rsa_fixed_technologies_2023_candidates.csv (scenario_set=ME IRP 2024, Scenario=BASE, sheet=renewables)",,operating,True,include,active 2023 by commissioning/decommissioning year in PyPSA-RSA BASE scenario,raw_name='Sappi'; csp_storage_hours=-; max_storage_hours=nan; storage_gwh=nan
Drakensberg,PHS,Pumped Storage,1000.0000,,1000.0,,,,1990,,-28.56283,29.08275,,"data/za_audit/pypsa_rsa_fixed_technologies_2023_candidates.csv (scenario_set=ME IRP 2024, Scenario=BASE, sheet=storage)",,operating,True,include,active 2023 by commissioning/decommissioning year in PyPSA-RSA BASE scenario,raw_name='Drakensberg'; csp_storage_hours=nan; max_storage_hours=21.7; storage_gwh=21.7
Ingula,PHS,Pumped Storage,1324.0000,,1324.0,,,,1990,,-28.165,29.3512,,"data/za_audit/pypsa_rsa_fixed_technologies_2023_candidates.csv (scenario_set=ME IRP 2024, Scenario=BASE, sheet=storage)",,operating,True,include,active 2023 by commissioning/decommissioning year in PyPSA-RSA BASE scenario,raw_name='Ingula'; csp_storage_hours=nan; max_storage_hours=20.694864048338367; storage_gwh=27.4
Palmiet,PHS,Pumped Storage,400.0000,,400.0,,,,1990,,-34.19722,18.97361,,"data/za_audit/pypsa_rsa_fixed_technologies_2023_candidates.csv (scenario_set=ME IRP 2024, Scenario=BASE, sheet=storage)",,operating,True,include,active 2023 by commissioning/decommissioning year in PyPSA-RSA BASE scenario,raw_name='Palmiet'; csp_storage_hours=nan; max_storage_hours=25.0; storage_gwh=10.0
Steenbras,PHS,Pumped Storage,180.0000,,180.0,,,,1990,,-34.153,18.9,,"data/za_audit/pypsa_rsa_fixed_technologies_2023_candidates.csv (scenario_set=ME IRP 2024, Scenario=BASE, sheet=storage)",,operating,True,include,active 2023 by commissioning/decommissioning year in PyPSA-RSA BASE scenario,raw_name='Steenbras'; csp_storage_hours=nan; max_storage_hours=15.000000000000002; storage_gwh=2.7
Hex,battery,Battery Storage,20.0000,,20.0,,,,2023,,-33.64,19.48,,"data/za_audit/pypsa_rsa_fixed_technologies_2023_candidates.csv (scenario_set=ME IRP 2024, Scenario=BASE, sheet=storage)",,commissioning,True,include,active 2023 by commissioning/decommissioning year in PyPSA-RSA BASE scenario,raw_name='Hex'; csp_storage_hours=nan; max_storage_hours=4.0; storage_gwh=0.08
Amakhala,onwind,Onshore,137.9000,,,137.9,,,2016,,-32.692,26.1083,,,data/za_audit/reipppp_wind_2023_candidates.csv,operating,True,include,REIPPPP wind project flagged included_2023 == True in Module 04 audit,COD=2016/07/28; status=operational
Aurora,onwind,Onshore,90.8000,,,90.8,,,2015,,-32.83425,17.99561111,,,data/za_audit/reipppp_wind_2023_candidates.csv,operating,True,include,REIPPPP wind project flagged included_2023 == True in Module 04 audit,COD=2015/06/09; status=operational
Chaba,onwind,Onshore,20.6000,,,20.6,,,2015,,-32.5901,27.9623,,,data/za_audit/reipppp_wind_2023_candidates.csv,operating,True,include,REIPPPP wind project flagged included_2023 == True in Module 04 audit,COD=2015/09/30; status=operational
Cookhouse,onwind,Onshore,135.0000,,,135.0,,,2014,,-32.7333,25.9093,,,data/za_audit/reipppp_wind_2023_candidates.csv,operating,True,include,REIPPPP wind project flagged included_2023 == True in Module 04 audit,COD=2014/11/19; status=operational
Copperton,onwind,Onshore,102.0000,,,102.0,,,2020,,-34.1286,24.4818,,,data/za_audit/reipppp_wind_2023_candidates.csv,operating,True,include,REIPPPP wind project flagged included_2023 == True in Module 04 audit,COD=2020/06/30; status=operational
Dassieklip,onwind,Onshore,26.1900,,,26.19,,,2014,,-34.2275,19.383,,,data/za_audit/reipppp_wind_2023_candidates.csv,operating,True,include,REIPPPP wind project flagged included_2023 == True in Module 04 audit,COD=2014/02/14; status=operational
Dorper,onwind,Onshore,97.0000,,,97.0,,,2014,,-31.4809,26.4393,,,data/za_audit/reipppp_wind_2023_candidates.csv,operating,True,include,REIPPPP wind project flagged included_2023 == True in Module 04 audit,COD=2014/08/01; status=operational
Exelsior,onwind,Onshore,31.9000,,,31.9,,,2020,,-34.2423,20.2307,,,data/za_audit/reipppp_wind_2023_candidates.csv,operating,True,include,REIPPPP wind project flagged included_2023 == True in Module 04 audit,COD=2020/12/23; status=operational
Garob,onwind,Onshore,135.9000,,,135.9,,,2021,,-29.959,22.4131,,,data/za_audit/reipppp_wind_2023_candidates.csv,operating,True,include,REIPPPP wind project flagged included_2023 == True in Module 04 audit,COD=2021/12/01; status=operational
Golden_valley,onwind,Onshore,117.7200,,,117.72,,,2021,,-32.8875,25.9418,,,data/za_audit/reipppp_wind_2023_candidates.csv,operating,True,include,REIPPPP wind project flagged included_2023 == True in Module 04 audit,COD=2021/05/01; status=operational
Gouda,onwind,Onshore,135.2000,,,135.2,,,2015,,-33.2564,19.0184,,,data/za_audit/reipppp_wind_2023_candidates.csv,operating,True,include,REIPPPP wind project flagged included_2023 == True in Module 04 audit,COD=2015/09/01; status=operational
Grassridge,onwind,Onshore,59.8000,,,59.8,,,2016,,-33.6551,25.5915,,,data/za_audit/reipppp_wind_2023_candidates.csv,operating,True,include,REIPPPP wind project flagged included_2023 == True in Module 04 audit,COD=2016/06/01; status=operational
Hopefield,onwind,Onshore,65.4000,,,65.4,,,2014,,-33.0928,18.3989,,,data/za_audit/reipppp_wind_2023_candidates.csv,operating,True,include,REIPPPP wind project flagged included_2023 == True in Module 04 audit,COD=2014/02/01; status=operational
Jeffreysbay,onwind,Onshore,133.8600,,,133.86,,,2014,,-34.0107,24.8808,,,data/za_audit/reipppp_wind_2023_candidates.csv,operating,True,include,REIPPPP wind project flagged included_2023 == True in Module 04 audit,COD=2014/05/01; status=operational
Kangnas,onwind,Onshore,136.7000,,,136.7,,,2020,,-29.49821666,18.3335665,,,data/za_audit/reipppp_wind_2023_candidates.csv,operating,True,include,REIPPPP wind project flagged included_2023 == True in Module 04 audit,COD=2020/11/01; status=operational
Karusa,onwind,Onshore,139.8000,,,139.8,,,2022,,-32.8858,20.6567,,,data/za_audit/reipppp_wind_2023_candidates.csv,operating,True,include,REIPPPP wind project flagged included_2023 == True in Module 04 audit,COD=2022/06/01; status=operational
Khobab,onwind,Onshore,137.7000,,,137.7,,,2017,,-30.4344,19.5538,,,data/za_audit/reipppp_wind_2023_candidates.csv,operating,True,include,REIPPPP wind project flagged included_2023 == True in Module 04 audit,COD=2017/12/01; status=operational
Kouga,onwind,Onshore,77.6000,,,77.6,,,2015,,-34.14656,24.7004,,,data/za_audit/reipppp_wind_2023_candidates.csv,operating,True,include,REIPPPP wind project flagged included_2023 == True in Module 04 audit,COD=2015/03/17; status=operational
Loeriesfontein2,onwind,Onshore,138.2000,,,138.2,,,2017,,-30.38040403,19.58928465,,,data/za_audit/reipppp_wind_2023_candidates.csv,operating,True,include,REIPPPP wind project flagged included_2023 == True in Module 04 audit,COD=2017/12/01; status=operational
Mulilo_de_aar1,onwind,Onshore,139.0000,,,139.0,,,2017,,-30.71666667,23.92055556,,,data/za_audit/reipppp_wind_2023_candidates.csv,operating,True,include,REIPPPP wind project flagged included_2023 == True in Module 04 audit,COD=2017/11/01; status=operational
Mulilo_de_aar2,onwind,Onshore,96.5000,,,96.5,,,2017,,-30.7349,23.8665,,,data/za_audit/reipppp_wind_2023_candidates.csv,operating,True,include,REIPPPP wind project flagged included_2023 == True in Module 04 audit,COD=2017/11/01; status=operational
Metrowind,onwind,Onshore,86.6000,,,86.6,,,2014,,-33.96222,25.24444,,,data/za_audit/reipppp_wind_2023_candidates.csv,operating,True,include,REIPPPP wind project flagged included_2023 == True in Module 04 audit,COD=2014/02/07; status=operational
Noblesfontein,onwind,Onshore,72.7500,,,72.75,,,2014,,-31.75083333,23.17333333,,,data/za_audit/reipppp_wind_2023_candidates.csv,operating,True,include,REIPPPP wind project flagged included_2023 == True in Module 04 audit,COD=2014/06/11; status=operational
Nojoli,onwind,Onshore,86.6000,,,86.6,,,2016,,-32.771,25.91566,,,data/za_audit/reipppp_wind_2023_candidates.csv,operating,True,include,REIPPPP wind project flagged included_2023 == True in Module 04 audit,COD=2016/10/03; status=operational
Noupoort,onwind,Onshore,79.1000,,,79.1,,,2016,,-31.17281432,25.01644873,,,data/za_audit/reipppp_wind_2023_candidates.csv,operating,True,include,REIPPPP wind project flagged included_2023 == True in Module 04 audit,COD=2016/06/30; status=operational
Nxuba,onwind,Onshore,138.9000,,,138.9,,,2020,,-32.73767,25.96684,,,data/za_audit/reipppp_wind_2023_candidates.csv,operating,True,include,REIPPPP wind project flagged included_2023 == True in Module 04 audit,COD=2020/10/27; status=operational
Oyster_bay,onwind,Onshore,140.0000,,,140.0,,,2021,,-34.11639,24.64889,,,data/za_audit/reipppp_wind_2023_candidates.csv,operating,True,include,REIPPPP wind project flagged included_2023 == True in Module 04 audit,COD=2021/07/01; status=operational
Perdekraal_east,onwind,Onshore,107.7600,,,107.76,,,2020,,-33.05444444,20.10027778,,,data/za_audit/reipppp_wind_2023_candidates.csv,operating,True,include,REIPPPP wind project flagged included_2023 == True in Module 04 audit,COD=2020/10/08; status=operational
Gibson_bay,onwind,Onshore,110.0000,,,110.0,,,2017,,-34.1286,24.4818,,,data/za_audit/reipppp_wind_2023_candidates.csv,operating,True,include,REIPPPP wind project flagged included_2023 == True in Module 04 audit,COD=2017/05/01; status=operational
Roggeveld,onwind,Onshore,140.0000,,,140.0,,,2022,,-32.91723333,20.50908889,,,data/za_audit/reipppp_wind_2023_candidates.csv,operating,True,include,REIPPPP wind project flagged included_2023 == True in Module 04 audit,COD=2022/03/01; status=operational
Sere,onwind,Onshore,100.0000,,,100.0,,,2015,,-31.49685684,18.0633762,,,data/za_audit/reipppp_wind_2023_candidates.csv,operating,True,include,REIPPPP wind project flagged included_2023 == True in Module 04 audit,COD=2015/03/31; status=operational
Soetwater,onwind,Onshore,139.4000,,,139.4,,,2022,,-32.754,20.6396,,,data/za_audit/reipppp_wind_2023_candidates.csv,operating,True,include,REIPPPP wind project flagged included_2023 == True in Module 04 audit,COD=2022/07/01; status=operational
Tsitsikama,onwind,Onshore,94.8000,,,94.8,,,2016,,-34.0735,24.5067,,,data/za_audit/reipppp_wind_2023_candidates.csv,operating,True,include,REIPPPP wind project flagged included_2023 == True in Module 04 audit,COD=2016/08/17; status=operational
Waainek,onwind,Onshore,23.4000,,,23.4,,,2016,,-32.5901,26.4569,,,data/za_audit/reipppp_wind_2023_candidates.csv,operating,True,include,REIPPPP wind project flagged included_2023 == True in Module 04 audit,COD=2016/01/01; status=operational
Wesley_ciskei,onwind,Onshore,32.7000,,,32.7,,,2021,,-33.29028,27.37222,,,data/za_audit/reipppp_wind_2023_candidates.csv,operating,True,include,REIPPPP wind project flagged included_2023 == True in Module 04 audit,COD=2021/08/01; status=operational
Aries Solar,solar,PV,9.6500,,,9.65,,,2014,,-29.496506,20.785119,,,data/za_audit/reipppp_solar_2023_candidates.csv,operating,True,include,REIPPPP solar PV project flagged included_2023 == True in Module 04 audit,COD=2014/03/20; status=operational; type=FIXED TILT
De Aar Solar PV,solar,PV,48.2500,,,48.25,,,2014,,-30.6234,24.0283,,,data/za_audit/reipppp_solar_2023_candidates.csv,operating,True,include,REIPPPP solar PV project flagged included_2023 == True in Module 04 audit,COD=2014/04/05; status=operational; type=FIXED TILT
Droogfontein Solar PV Project,solar,PV,48.2500,,,48.25,,,2014,,-28.6133,24.7468,,,data/za_audit/reipppp_solar_2023_candidates.csv,operating,True,include,REIPPPP solar PV project flagged included_2023 == True in Module 04 audit,COD=2014/04/06; status=operational; type=FIXED TILT
Greefspan PV Power Plant1,solar,PV,10.0000,,,10.0,,,2014,,-29.393781,23.307708,,,data/za_audit/reipppp_solar_2023_candidates.csv,operating,True,include,REIPPPP solar PV project flagged included_2023 == True in Module 04 audit,COD=2014/04/11; status=operational; type=SINGLE AXIS
Herbert PV Power Plant,solar,PV,19.9000,,,19.9,,,2014,,-29.0019,23.8019,,,data/za_audit/reipppp_solar_2023_candidates.csv,operating,True,include,REIPPPP solar PV project flagged included_2023 == True in Module 04 audit,COD=2014/04/11; status=operational; type=FIXED TILT
Kalkbult,solar,PV,72.5000,,,72.5,,,2014,,-30.160833,24.135833,,,data/za_audit/reipppp_solar_2023_candidates.csv,operating,True,include,REIPPPP solar PV project flagged included_2023 == True in Module 04 audit,COD=2014/03/19; status=operational; type=FIXED TILT
Kathu Solar Energy Facility,solar,PV,75.0000,,,75.0,,,2014,,-27.612908,23.025886,,,data/za_audit/reipppp_solar_2023_candidates.csv,operating,True,include,REIPPPP solar PV project flagged included_2023 == True in Module 04 audit,COD=2014/08/15; status=operational; type=SINGLE AXIS
Konkoonsies Solar,solar,PV,9.6500,,,9.65,,,2014,,-28.889147,19.555275,,,data/za_audit/reipppp_solar_2023_candidates.csv,operating,True,include,REIPPPP solar PV project flagged included_2023 == True in Module 04 audit,COD=2014/03/20; status=operational; type=FIXED TILT
Lesedi Power Company,solar,PV,64.0000,,,64.0,,,2014,,-28.3154,23.3501,,,data/za_audit/reipppp_solar_2023_candidates.csv,operating,True,include,REIPPPP solar PV project flagged included_2023 == True in Module 04 audit,COD=2014/05/21; status=operational; type=FIXED TILT
Letsatsi Power Company,solar,PV,64.0000,,,64.0,,,2014,,-28.9134,25.9199,,,data/za_audit/reipppp_solar_2023_candidates.csv,operating,True,include,REIPPPP solar PV project flagged included_2023 == True in Module 04 audit,COD=2014/05/21; status=operational; type=FIXED TILT
Mulilo Renewable Energy Solar PV De Aar,solar,PV,9.6500,,,9.65,,,2014,,-30.6279,24.005453,,,data/za_audit/reipppp_solar_2023_candidates.csv,operating,True,include,REIPPPP solar PV project flagged included_2023 == True in Module 04 audit,COD=2014/07/19; status=operational; type=FIXED TILT
Mulilo Renewable Energy Solar PV Prieska,solar,PV,19.9000,,,19.9,,,2014,,-29.967661,22.319683,,,data/za_audit/reipppp_solar_2023_candidates.csv,operating,True,include,REIPPPP solar PV project flagged included_2023 == True in Module 04 audit,COD=2014/10/01; status=operational; type=FIXED TILT
RustMo1 Solar Farm,solar,PV,6.7600,,,6.76,,,2013,,-25.737892,27.418314,,,data/za_audit/reipppp_solar_2023_candidates.csv,operating,True,include,REIPPPP solar PV project flagged included_2023 == True in Module 04 audit,COD=2013/11/15; status=operational; type=FIXED TILT
SlimSun Swartland Solar Park,solar,PV,5.0000,,,5.0,,,2015,,-33.35,18.529708,,,data/za_audit/reipppp_solar_2023_candidates.csv,operating,True,include,REIPPPP solar PV project flagged included_2023 == True in Module 04 audit,COD=2015/08/04; status=operational; type=FIXED TILT
Solar Capital De Aar,solar,PV,75.0000,,,75.0,,,2014,,-30.604753,24.095239,,,data/za_audit/reipppp_solar_2023_candidates.csv,operating,True,include,REIPPPP solar PV project flagged included_2023 == True in Module 04 audit,COD=2014/08/15; status=operational; type=FIXED TILT
Soutpan Solar Park,solar,PV,28.0000,,,28.0,,,2014,,-22.991667,29.251667,,,data/za_audit/reipppp_solar_2023_candidates.csv,operating,True,include,REIPPPP solar PV project flagged included_2023 == True in Module 04 audit,COD=2014/07/14; status=operational; type=FIXED TILT
Touwsrivier Project,solar,PV,36.0000,,,36.0,,,2014,,-33.410389,19.9276,,,data/za_audit/reipppp_solar_2023_candidates.csv,operating,True,include,REIPPPP solar PV project flagged included_2023 == True in Module 04 audit,COD=2014/12/05; status=operational; type=SINGLE AXIS
Witkop Solar Park,solar,PV,30.0000,,,30.0,,,2014,,-24.041667,29.361667,,,data/za_audit/reipppp_solar_2023_candidates.csv,operating,True,include,REIPPPP solar PV project flagged included_2023 == True in Module 04 audit,COD=2014/09/20; status=operational; type=SINGLE AXIS
Aurora,solar,PV,9.0000,,,9.0,,,2014,,-32.641344,18.497289,,,data/za_audit/reipppp_solar_2023_candidates.csv,operating,True,include,REIPPPP solar PV project flagged included_2023 == True in Module 04 audit,COD=2014/12/01; status=operational; type=FIXED TILT
Boshoff Solar Park,solar,PV,60.0000,,,60.0,,,2014,,-28.4628,25.1891,,,data/za_audit/reipppp_solar_2023_candidates.csv,operating,True,include,REIPPPP solar PV project flagged included_2023 == True in Module 04 audit,COD=2014/10/25; status=operational; type=SINGLE AXIS
Jasper Power Company,solar,PV,75.0000,,,75.0,,,2014,,-28.3133,23.3751,,,data/za_audit/reipppp_solar_2023_candidates.csv,operating,True,include,REIPPPP solar PV project flagged included_2023 == True in Module 04 audit,COD=2014/12/17; status=operational; type=FIXED TILT
Linde,solar,PV,36.8000,,,36.8,,,2013,,-30.9986,24.6506,,,data/za_audit/reipppp_solar_2023_candidates.csv,operating,True,include,REIPPPP solar PV project flagged included_2023 == True in Module 04 audit,COD=2013/06/30; status=operational; type=SINGLE AXIS
Project Dreunberg,solar,PV,69.9000,,,69.9,,,2014,,-30.8373,26.2055,,,data/za_audit/reipppp_solar_2023_candidates.csv,operating,True,include,REIPPPP solar PV project flagged included_2023 == True in Module 04 audit,COD=2014/12/31; status=operational; type=FIXED TILT
Sishen Solar Facility,solar,PV,74.0000,,,74.0,,,2014,,-27.583611,22.932778,,,data/za_audit/reipppp_solar_2023_candidates.csv,operating,True,include,REIPPPP solar PV project flagged included_2023 == True in Module 04 audit,COD=2014/11/29; status=operational; type=SINGLE AXIS
Solar Capital De Aar 3,solar,PV,75.0000,,,75.0,,,2014,,-30.604753,24.095239,,,data/za_audit/reipppp_solar_2023_candidates.csv,operating,True,include,REIPPPP solar PV project flagged included_2023 == True in Module 04 audit,COD=2014/08/15; status=operational; type=FIXED TILT
Upington Solar PV,solar,PV,8.9000,,,8.9,,,2014,,-28.5493,21.1038,,,data/za_audit/reipppp_solar_2023_candidates.csv,operating,True,include,REIPPPP solar PV project flagged included_2023 == True in Module 04 audit,COD=2014/07/31; status=operational; type=FIXED TILT
Vredendal,solar,PV,8.8000,,,8.8,,,2014,,-31.634886,18.505356,,,data/za_audit/reipppp_solar_2023_candidates.csv,operating,True,include,REIPPPP solar PV project flagged included_2023 == True in Module 04 audit,COD=2014/08/01; status=operational; type=FIXED TILT
Adams Solar PV 2,solar,PV,75.0000,,,75.0,,,2017,,-27.378969,23.012989,,,data/za_audit/reipppp_solar_2023_candidates.csv,operating,True,include,REIPPPP solar PV project flagged included_2023 == True in Module 04 audit,COD=2017/01/23; status=operational; type=FIXED TILT
Electra Capital (Pty) Ltd,solar,PV,75.0000,,,75.0,,,2016,,-32.4148,18.7379,,,data/za_audit/reipppp_solar_2023_candidates.csv,operating,True,include,REIPPPP solar PV project flagged included_2023 == True in Module 04 audit,COD=2016/10/12; status=operational; type=FIXED TILT
Mulilo Prieska PV,solar,PV,75.0000,,,75.0,,,2016,,-30.0375,22.317222,,,data/za_audit/reipppp_solar_2023_candidates.csv,operating,True,include,REIPPPP solar PV project flagged included_2023 == True in Module 04 audit,COD=2016/07/21; status=operational; type=FIXED TILT
Mulilo Sonnedix Prieska PV,solar,PV,75.0000,,,75.0,,,2016,,-30.024444,22.362778,,,data/za_audit/reipppp_solar_2023_candidates.csv,operating,True,include,REIPPPP solar PV project flagged included_2023 == True in Module 04 audit,COD=2016/07/22; status=operational; type=SINGLE AXIS
Pulida Solar Park,solar,PV,75.0000,,,75.0,,,2017,,-29.086944,24.903333,,,data/za_audit/reipppp_solar_2023_candidates.csv,operating,True,include,REIPPPP solar PV project flagged included_2023 == True in Module 04 audit,COD=2017/01/23; status=operational; type=FIXED TILT
Tom Burke Solar Park,solar,PV,60.0000,,,60.0,,,2016,,-23.072778,27.989444,,,data/za_audit/reipppp_solar_2023_candidates.csv,operating,True,include,REIPPPP solar PV project flagged included_2023 == True in Module 04 audit,COD=2016/08/01; status=operational; type=FIXED TILT
Aggeneys Solar,solar,PV,40.0000,,,40.0,,,2020,,-29.235794,18.897656,,,data/za_audit/reipppp_solar_2023_candidates.csv,operating,True,include,REIPPPP solar PV project flagged included_2023 == True in Module 04 audit,COD=2020/07/25; status=operational; type=SINGLE AXIS
Droogfontein Solar Power,solar,PV,75.0000,,,75.0,,,2020,,-26.85400239,26.64211071,,,data/za_audit/reipppp_solar_2023_candidates.csv,operating,True,include,REIPPPP solar PV project flagged included_2023 == True in Module 04 audit,COD=2020/09/01; status=operational; type=SINGLE AXIS
Dyasons Klip 1,solar,PV,75.0000,,,75.0,,,2020,,-28.5493,21.1038,,,data/za_audit/reipppp_solar_2023_candidates.csv,operating,True,include,REIPPPP solar PV project flagged included_2023 == True in Module 04 audit,COD=2020/02/25; status=operational; type=SINGLE AXIS
Dyasons Klip 2,solar,PV,75.0000,,,75.0,,,2020,,-28.5707,21.0613,,,data/za_audit/reipppp_solar_2023_candidates.csv,operating,True,include,REIPPPP solar PV project flagged included_2023 == True in Module 04 audit,COD=2020/04/01; status=operational; type=SINGLE AXIS
Konkoonsies II Solar PV Facility,solar,PV,75.0000,,,75.0,,,2020,,-28.898811,19.557383,,,data/za_audit/reipppp_solar_2023_candidates.csv,operating,True,include,REIPPPP solar PV project flagged included_2023 == True in Module 04 audit,COD=2020/09/01; status=operational; type=SINGLE AXIS
Sirius Solar PV Project One,solar,PV,75.0000,,,75.0,,,2020,,-28.547361,21.09495,,,data/za_audit/reipppp_solar_2023_candidates.csv,operating,True,include,REIPPPP solar PV project flagged included_2023 == True in Module 04 audit,COD=2020/02/18; status=operational; type=SINGLE AXIS
Loeriesfontein Orange,solar,PV,75.0000,,,75.0,,,2023,,-30.91810861,19.44104346,,,data/za_audit/reipppp_solar_2023_candidates.csv,operating,True,include,REIPPPP solar PV project flagged included_2023 == True in Module 04 audit,COD=2023/12/31; status=operational; type=SINGLE AXIS
Greefspan PV Power Plant2,solar,PV,55.0000,,,55.0,,,2021,,-29.3857,23.3172,,,data/za_audit/reipppp_solar_2023_candidates.csv,operating,True,include,REIPPPP solar PV project flagged included_2023 == True in Module 04 audit,COD=2021/04/09; status=operational; type=SINGLE AXIS
De Wildt,solar,PV,50.0000,,,50.0,,,2021,,-25.6332,27.9307,,,data/za_audit/reipppp_solar_2023_candidates.csv,operating,True,include,REIPPPP solar PV project flagged included_2023 == True in Module 04 audit,COD=2021/01/01; status=operational; type=SINGLE AXIS
Bokamoso,solar,PV,67.9000,,,67.9,,,2020,,-27.1583,26.4009,,,data/za_audit/reipppp_solar_2023_candidates.csv,operating,True,include,REIPPPP solar PV project flagged included_2023 == True in Module 04 audit,COD=2020/08/01; status=operational; type=SINGLE AXIS
Waterloo Solar Park,solar,PV,75.0000,,,75.0,,,2020,,-27.0322,24.7931,,,data/za_audit/reipppp_solar_2023_candidates.csv,operating,True,include,REIPPPP solar PV project flagged included_2023 == True in Module 04 audit,COD=2020/11/26; status=operational; type=SINGLE AXIS
Zeerust,solar,PV,75.0000,,,75.0,,,2021,,-25.5748,26.0718,,,data/za_audit/reipppp_solar_2023_candidates.csv,operating,True,include,REIPPPP solar PV project flagged included_2023 == True in Module 04 audit,COD=2021/01/01; status=operational; type=SINGLE AXIS
