bus0,bus1,n_lines,voltage_max_kv,voltage_min_kv,total_length_km,thermal_sum_mw,sil_sum_mw,st_clair_sum_mw,st_clair_n1_mw,n1_factor,st_clair_a,st_clair_b
Bloemfontein,Carletonville,1,765,765,234.74850737816706,5512.0,2280.0,3526.211330570799,2468.347931399559,0.7,53.736,-0.65
Bloemfontein,Highveld South,1,400,400,361.6973519453934,1788.0,602.0,702.9709244476795,492.07964711337564,0.7,53.736,-0.65
Bloemfontein,Hydra Central,3,765,400,997.8647729380117,9088.0,3484.0,4024.6815051054355,1645.67131130063,0.7,53.736,-0.65
Bloemfontein,Kimberley,2,275,275,179.34058524817578,1842.0,490.0,1416.8737969373074,699.3179618936305,0.7,53.736,-0.65
Bloemfontein,Welkom,5,400,275,458.2462806339197,8073.0,2653.0,6690.482942485277,4902.482942485277,0.7,53.736,-0.65
Carletonville,Highveld South,1,765,765,267.66273158036665,5512.0,2280.0,3237.934383413024,2266.5540683891168,0.7,53.736,-0.65
Carletonville,Kalahari,1,400,400,228.827295073117,1788.0,602.0,946.6332157602384,662.6432510321669,0.7,53.736,-0.65
Carletonville,Lephalale,2,400,400,706.7258876685604,3576.0,1204.0,1428.2659965731605,698.5969938580953,0.7,53.736,-0.65
Carletonville,Midrand,1,400,400,74.86260597679663,1788.0,602.0,1788.0,1251.6,0.7,53.736,-0.65
Carletonville,Pretoria,1,275,275,98.95278571087276,921.0,245.0,664.3595824110506,465.0517076877354,0.7,53.736,-0.65
Carletonville,Rustenburg,3,400,275,331.64263284106914,3630.0,1092.0,2721.4736928217503,1651.6463367845304,0.7,53.736,-0.65
Carletonville,West Rand,2,400,275,193.6961406263787,2709.0,847.0,2242.765260584163,454.7652605841633,0.7,53.736,-0.65
East London,Gqeberha,2,400,220,315.3048509967709,2280.0,724.0,1460.9340174066244,241.83114794872,0.7,53.736,-0.65
East London,Mthatha,1,400,400,183.62003896734836,1788.0,602.0,1092.2291867579481,764.5604307305637,0.7,53.736,-0.65
East London,Welkom,1,400,400,407.1383304168336,1788.0,602.0,650.922872298067,455.64601060864686,0.7,53.736,-0.65
Empangeni,Highveld South,2,765,400,344.4805566798084,7300.0,2882.0,5103.675764758337,1371.3980907048067,0.7,53.736,-0.65
Empangeni,Newcastle,3,400,400,473.6699022171,5364.0,1806.0,3870.7566977141023,2118.795103313075,0.7,53.736,-0.65
Empangeni,Pinetown,2,275,275,231.1707986869725,1842.0,490.0,1201.0871439677016,600.3844222850444,0.7,53.736,-0.65
Gqeberha,Hydra Central,2,400,400,589.1406935026646,3576.0,1204.0,1606.6578622489137,801.0468744479674,0.7,53.736,-0.65
Greater Komsberg,Outeniqua,3,400,400,664.6871466207696,5364.0,1806.0,3002.2052777501813,1752.6955294588279,0.7,53.736,-0.65
Greater Komsberg,Peninsula,1,400,400,154.124811380731,1788.0,602.0,1223.8964181337021,856.7274926935914,0.7,53.736,-0.65
Highveld South,Ladysmith,2,400,400,384.9410939487707,3576.0,1204.0,2140.1156351657173,974.7858731440322,0.7,53.736,-0.65
Highveld South,Middelburg,2,400,275,199.65572595082972,2709.0,847.0,2223.219951802852,721.6461088199354,0.7,53.736,-0.65
Highveld South,Newcastle,4,400,400,643.3205643355238,7152.0,2408.0,4872.530557035699,3486.8443263264953,0.7,53.736,-0.65
Highveld South,Welkom,4,765,400,1374.0100712016704,14600.0,5764.0,6500.422102942976,4136.404569386973,0.7,53.736,-0.65
Highveld South,West Rand,1,400,400,102.1193089940387,1788.0,602.0,1599.3433640779788,1119.540354854585,0.7,53.736,-0.65
Highveld South,Witbank,7,400,400,508.0179419911788,12516.0,4214.0,11771.793758182204,9983.793758182206,0.7,53.736,-0.65
Hydra Central,Kimberley,1,400,400,187.88446228696074,1788.0,602.0,1076.050772266368,753.2355405864577,0.7,53.736,-0.65
Hydra Central,Outeniqua,3,400,400,738.2598280288539,5364.0,1806.0,2708.8083762934157,1803.2155409905106,0.7,53.736,-0.65
Hydra Central,Welkom,2,765,400,552.6833165872812,7300.0,2882.0,3990.9464536267874,843.9750178926887,0.7,53.736,-0.65
Johannesburg,Middelburg,1,400,400,118.26008902482634,1788.0,602.0,1453.841278554668,1017.6888949882675,0.7,53.736,-0.65
Johannesburg,Midrand,3,400,275,71.4956686630169,3630.0,1092.0,3630.0,1842.0,0.7,53.736,-0.65
Johannesburg,Nigel,1,275,275,34.00455624311526,921.0,245.0,921.0,644.6999999999999,0.7,53.736,-0.65
Johannesburg,Polokwane,2,400,400,1031.7648116946682,3576.0,1204.0,1116.1816252062079,557.3344960793464,0.7,53.736,-0.65
Johannesburg,Pretoria,8,400,275,219.45752155019002,8235.0,2317.0,7963.92583001911,6447.0,0.7,53.736,-0.65
Johannesburg,Vaal,1,275,275,61.57680221670128,921.0,245.0,904.29532190446,633.006725333122,0.7,53.736,-0.65
Johannesburg,Warmbad,1,275,275,100.16292711382961,921.0,245.0,659.1311927134683,461.39183489942775,0.7,53.736,-0.65
Johannesburg,West Rand,1,275,275,33.32987067107551,921.0,245.0,921.0,644.6999999999999,0.7,53.736,-0.65
Johannesburg,Witbank,6,400,275,583.5701181008662,8994.0,2898.0,7958.378198990835,6170.378198990834,0.7,53.736,-0.65
Kalahari,Kimberley,3,275,275,280.18175151688536,2763.0,735.0,2082.688795514874,1336.3555856147075,0.7,53.736,-0.65
Kimberley,Namaqualand,1,400,400,163.71338031651908,1788.0,602.0,1176.8120650659946,823.7684455461962,0.7,53.736,-0.65
Ladysmith,Newcastle,3,400,275,342.2785948711452,3630.0,1092.0,2620.830660769851,1304.1837402579542,0.7,53.736,-0.65
Ladysmith,Pinetown,4,400,275,485.5805416539547,5418.0,1694.0,4289.306278817137,2504.4213719727454,0.7,53.736,-0.65
Lephalale,Polokwane,2,400,400,350.01624107838035,3576.0,1204.0,2275.76525975363,1038.418460132035,0.7,53.736,-0.65
Lephalale,Pretoria,2,400,400,220.50767845775493,3576.0,1204.0,3043.2379927063193,1521.378421771972,0.7,53.736,-0.65
Lephalale,Rustenburg,5,400,275,773.5823381794104,7206.0,2296.0,5105.9919114982795,3334.7299508356837,0.7,53.736,-0.65
Lowveld,Middelburg,2,275,275,111.1357571758994,1842.0,490.0,1842.0,921.0,0.7,53.736,-0.65
Lowveld,Phalaborwa,2,275,275,193.91403053100498,1842.0,490.0,1346.4335097627354,673.1896030288674,0.7,53.736,-0.65
Middelburg,Phalaborwa,3,400,275,407.85674661248777,4497.0,1449.0,3171.00856154073,1936.477542175258,0.7,53.736,-0.65
Middelburg,Witbank,11,400,275,726.1770592771823,17067.0,5551.0,16835.985562301805,15047.985562301805,0.7,53.736,-0.65
Mthatha,Pinetown,1,400,400,116.80892949518574,1788.0,602.0,1465.555933359998,1025.8891533519986,0.7,53.736,-0.65
Namaqualand,Vredendal,1,400,400,168.88020374317503,1788.0,602.0,1153.2823426006926,807.2976398204847,0.7,53.736,-0.65
Newcastle,Pinetown,2,400,400,329.7516998298694,3576.0,1204.0,2382.184393839514,1054.951894599336,0.7,53.736,-0.65
Nigel,Vaal,2,275,275,128.89102669162057,1842.0,490.0,1606.3082385002244,685.3082385002243,0.7,53.736,-0.65
Nigel,Welkom,1,275,275,219.12331475780204,921.0,245.0,396.2632861829788,277.38430032808515,0.7,53.736,-0.65
Nigel,Witbank,2,275,275,133.1524559448536,1842.0,490.0,1719.111154281542,859.4210044927858,0.7,53.736,-0.65
Outeniqua,Peninsula,3,400,400,599.1731375164106,5364.0,1806.0,3966.1120630796613,2178.1120630796613,0.7,53.736,-0.65
Peninsula,West Coast,2,400,400,164.00354828635955,3576.0,1204.0,3576.0,1788.0,0.7,53.736,-0.65
Phalaborwa,Polokwane,1,400,400,93.86553235375148,1788.0,602.0,1689.4013256251983,1182.5809279376388,0.7,53.736,-0.65
Polokwane,Warmbad,1,275,275,171.0059222945882,921.0,245.0,465.5584047392826,325.8908833174978,0.7,53.736,-0.65
Pretoria,Rustenburg,1,400,400,53.49935761329602,1788.0,602.0,1788.0,1251.6,0.7,53.736,-0.65
Vaal,Welkom,1,275,275,183.27154213707007,921.0,245.0,445.06111067693706,311.54277747385595,0.7,53.736,-0.65
Vaal,West Rand,2,275,275,81.09778303752974,1842.0,490.0,1842.0,921.0,0.7,53.736,-0.65
Vaal,Witbank,2,400,400,286.228242716996,3576.0,1204.0,2568.6103608670783,1284.029598621007,0.7,53.736,-0.65
Vredendal,West Coast,1,400,400,164.81693186133162,1788.0,602.0,1171.6843795277555,820.1790656694288,0.7,53.736,-0.65
