Supply_Are,Substation,Substati_1,Transforme,NoOfTrfrs,TrfrSizeMV,InstalledT,LightLoad,GxAtLightL,YearOfTrfr,UpgradeSta,NoOfTrfrs2,TrfrSize_1,Installe_1,REIPPPGenA,MVLimitLL2,HVLimitLL2,HVAreaLimi,CLNLimitLL,MVLimitMDL,HVLimitMDL,HVAreaLi_1,CLNLimitMD,Status
East London,Pembroke,Pembroke 132/66,132/66,2,90,180,13.0,0.0,-,-,2,160,320,-,326.6,200.0,200.0,550,326.6,2350.0,2350.0,2700,Existing
Phalaborwa,Senakangwedi B,Senakangwedi B 400/132,400/132,0,0,0,41.0,0.0,2022,Proposed,2,500,1000,-,1021.0,1300.0,1300.0,3600,1021,1250.0,1250.0,3600,Planned
Phalaborwa,Senakangwedi B,Senakangwedi B 400/275,400/275,0,0,0,41.0,0.0,2022,Proposed,1,800,800,-,825.0,850.0,850.0,3600,825,800.0,800.0,3600,Planned
Witbank,Vulcan,Vulcan 400/132,400/132,2,300,600,125.0,0.0,2022,Proposed,2,500,1000,-,1105.0,4400.0,4400.0,2350,1105,4075.0,4075.0,2550,Existing
Witbank,Vulcan,Vulcan 400/132,400/132,1,250,250,109.0,0.0,2022,Proposed,2,250,500,-,599.0,4400.0,4400.0,2350,1105,4075.0,4075.0,2550,Existing
Bloemfontein,Beta,Beta 765/400,765/400,2,2000,4000,0.0,0.0,-,-,2,2000,4000,-,3920.0,2600.0,2750.0,2600,3920,1475.0,1475.0,1500,Existing
Bloemfontein,Boundary,Boundary 275/132,275/132,2,250,500,0.0,0.0,-,-,2,250,500,228.15,490.0,1150.0,1150.0,2600,490,1500.0,1500.0,1500,Existing
Bloemfontein,Harvard,Harvard 275/132,275/132,2,500,1000,88.0,0.0,-,-,2,500,1000,64,1068.0,1050.0,1050.0,2600,1068,1350.0,1350.0,1500,Existing
Bloemfontein,Merapi,Merapi 275/132,275/132,2,250,500,42.0,0.0,-,-,2,250,500,-,532.0,800.0,800.0,2600,532,900.0,900.0,1500,Existing
Bloemfontein,Perseus,Perseus 400/275,400/275,2,400,800,0.0,0.0,-,-,2,400,800,60,784.0,1850.0,1850.0,2600,784,1750.0,1475.0,1500,Existing
Bloemfontein,Perseus,Perseus 400/275,400/275,1,800,800,0.0,0.0,-,-,1,800,800,-,784.0,1850.0,1850.0,2600,784,1750.0,1475.0,1500,Existing
Carltonville,Carmel,Carmel 275/132,275/132,2,500,1000,60.0,0.0,-,-,2,500,1000,-,1040.0,1000.0,1000.0,2650,1040,1100.0,1100.0,2650,Existing
Carltonville,Hermes,Hermes 132/88,132/88,3,180,540,67.0,0.0,-,-,3,180,540,-,596.2,596.2,596.2,2650,596.2,596.2,596.2,2650,Existing
Carltonville,Hermes,Hermes 400/132,400/132,3,500,1500,136.0,0.0,-,-,3,500,1500,-,1606.0,2400.0,2400.0,2650,1606,2400.0,2400.0,2650,Existing
Carltonville,Midas,Midas 400/132,400/132,2,500,1000,162.0,0.0,-,-,2,500,1000,-,1142.0,2550.0,2550.0,2650,1142,2500.0,2500.0,2650,Existing
Carltonville,Mookodi,Mookodi 400/132,400/132,2,500,1000,90.0,0.0,-,-,2,500,1000,75,1070.0,1525.0,1525.0,2650,1070,1450.0,1450.0,2650,Existing
Carltonville,Pluto,Pluto 400/275,400/275,2,750,1500,0.0,0.0,-,-,2,750,1500,-,1470.0,4000.0,4000.0,2650,1470,3750.0,3750.0,2650,Existing
Carltonville,Watershed,Watershed 275/132,275/132,0,0,0,0.0,0.0,2021,Approved,1,250,250,75,245.0,850.0,850.0,2650,245,800.0,800.0,2650,Existing
Carltonville,Watershed,Watershed 132/88,132/88,2,180,360,82.0,0.0,-,-,2,180,360,-,434.8,434.8,434.8,2650,434.8,434.8,434.8,2650,Existing
Carltonville,Watershed,Watershed 275/88,275/88,2,315,630,14.0,0.0,-,-,2,315,630,-,631.4,4000.0,4000.0,2650,631.4,3750.0,3750.0,2650,Existing
East London,Delphi,Delphi 400/132,400/132,2,120,240,32.0,48.5,2020,Proposed,3,120,360,97,336.3,1950.0,1950.0,550,336.3,925.0,925.0,1050,Existing
East London,Neptune,Neptune 400/132,400/132,2,500,1000,24.0,0.0,-,-,2,500,1000,-,1004.0,1600.0,1600.0,550,1004,1500.0,1600.0,1050,Existing
East London,Pembroke,Pembroke 220/66,220/66,0,0,0,13.0,0.0,2022,Approved,1,160,160,-,169.8,200.0,200.0,550,169.8,125.0,125.0,1050,Existing
East London,Pembroke,Pembroke 220/132,220/132,2,250,500,6.0,0.0,2022,Proposed,2,250,500,-,496.0,200.0,200.0,550,496,125.0,125.0,1050,Existing
East London,Pembroke,Pembroke 400/132,400/132,0,0,0,0.0,26.65,2022,Approved,1,500,500,53.3,463.35,200.0,200.0,550,463.35,250.0,250.0,1050,Existing
East London,Vuyani,Vuyani 400/132,400/132,2,250,500,61.0,0.0,-,-,2,250,500,-,551.0,1500.0,1500.0,550,551,1600.0,1600.0,1050,Existing
East Rand,Benburg,Benburg 275/132,275/132,3,250,750,96.0,0.0,-,-,3,250,750,-,831.0,950.0,950.0,4500,831,1150.0,1150.0,2050,Existing
East Rand,Brenner,Brenner 275/88,275/88,3,315,945,126.0,0.0,-,-,3,315,945,-,1052.1,3050.0,3050.0,4500,1052.1,2950.0,2025.0,2050,Existing
East Rand,Esselen,Esselen 132/88,132/88,1,160,160,69.0,0.0,-,-,1,160,160,-,225.8,225.8,225.8,4500,225.8,225.8,225.8,2050,Existing
East Rand,Esselen,Esselen 275/132,275/132,1,250,250,137.0,0.0,-,-,1,250,250,-,382.0,3100.0,3100.0,4500,382,2050.0,2050.0,2050,Existing
East Rand,Esselen,Esselen 275/132,275/132,2,180,360,137.0,0.0,-,-,2,180,360,-,489.8,3100.0,3100.0,4500,382,2050.0,2050.0,2050,Existing
East Rand,Esselen,Esselen 275/88,275/88,2,315,630,69.0,0.0,-,-,2,315,630,-,686.4,3100.0,3100.0,4500,686.4,2950.0,2050.0,2050,Existing
East Rand,Nevis,Nevis 275/132,275/132,2,500,1000,132.0,0.0,-,-,2,500,1000,-,1112.0,3100.0,3100.0,4500,1112,2950.0,2050.0,2050,Existing
East Rand,Pieterboth,Pieterboth 275/132,275/132,2,315,630,0.0,0.0,-,-,2,315,630,-,617.4,1650.0,1650.0,4500,617.4,1800.0,1750.0,2050,Existing
Empangeni,Athene,Athene 400/132,400/132,4,500,2000,689.0,0.0,-,-,4,500,2000,-,2649.0,3800.0,3800.0,3700,2649,3950.0,3950.0,4000,Existing
Empangeni,Impala,Impala 275/132,275/132,4,250,1000,131.0,0.0,-,-,4,250,1000,16.5,1111.0,1250.0,1250.0,3700,1111,1450.0,1450.0,4000,Existing
Empangeni,Invubu,Invubu 400/275,400/275,3,800,2400,0.0,0.0,-,-,3,800,2400,-,2352.0,3000.0,3000.0,3700,2352,3300.0,3300.0,4000,Existing
Highveld South,Alpha,Alpha 765/400,765/400,3,2000,6000,0.0,0.0,-,-,3,2000,6000,-,5880.0,6425.0,6550.0,3150,5880,6425.0,6550.0,3150,Existing
Highveld South,Sol,Sol 400/132,400/132,4,500,2000,61.0,0.0,-,-,4,500,2000,-,2021.0,2200.0,2200.0,3150,2021,2200.0,2200.0,5350,Existing
Highveld South,Mulalo,Mulalo 400/132,400/132,0,0,0,170.0,67.6,2022,Approved,4,500,2000,-,2062.4,2200.0,2200.0,3150,2062.4,2200.0,2200.0,5350,Planned
Highveld South,Zeus,Zeus 765/400,765/400,2,2000,4000,0.0,0.0,-,-,3,2000,6000,-,5880.0,5650.0,5650.0,3150,5880,5100.0,5100.0,5350,Existing
Johannesburg North,Apollo,Apollo 400/275,400/275,1,800,800,-1200.0,0.0,-,-,1,800,800,-,-416.0,4400.0,4400.0,6500,-416,4400.0,4400.0,6500,Existing
Johannesburg North,Apollo,Apollo 400/275,400/275,2,1000,2000,-1200.0,0.0,-,-,2,1000,2000,-,760.0,4400.0,4400.0,6500,-416,4400.0,4400.0,6500,Existing
Johannesburg North,Craighall,Craighall 275/88,275/88,3,315,945,0.0,0.0,-,-,3,315,945,-,926.1,1750.0,1750.0,6500,926.1,1750.0,1750.0,6500,Existing
Johannesburg North,Lepini,Lepini 275/88,275/88,4,315,1260,162.0,0.0,-,-,4,315,1260,3.2,1396.8,1700.0,1700.0,6500,1396.8,1700.0,1700.0,6500,Existing
Johannesburg North,Lulamisa,Lulamisa 400/88,400/88,3,315,945,224.0,0.0,-,-,3,315,945,-,1150.1,2300.0,2300.0,6500,1150.1,2300.0,2300.0,6500,Existing
Johannesburg North,Minerva,Minerva 400/275,400/275,4,800,3200,0.0,0.0,-,-,4,800,3200,-,3136.0,5625.0,5625.0,6500,3136,5625.0,5625.0,6500,Existing
Johannesburg North,Minerva,Minerva 400/275-275,400/275-275,-,-,-,0.0,0.0,,,4,800,3200,-,3136.0,5170.0,5170.0,6500,3136,5170.0,5170.0,6500,Existing
Johannesburg South,Croydon,Croydon 275/132,275/132,3,250,750,17.0,0.0,-,-,3,250,750,-,752.0,1050.0,1050.0,3900,752,1150.0,750.0,925,Existing
Johannesburg South,Eiger,Eiger 275/88,275/88,3,315,945,30.0,0.0,-,-,3,315,945,-,956.1,2800.0,2800.0,3900,956.1,2100.0,925.0,925,Existing
Johannesburg South,Jupiter,Jupiter 275/88,275/88,3,180,540,120.0,0.0,-,-,3,180,540,-,649.2,1400.0,2150.0,3900,649.2,600.0,600.0,925,Existing
Karoo,Hydra,Hydra 400/220,400/220,2,315,630,0.0,0.0,-,-,2,315,630,-,617.4,700.0,700.0,1550,617.4,700.0,700.0,1550,Existing
Karoo,Hydra,Hydra 400/132,400/132,2,240,480,45.0,193.625,,,2,240,480,235.5,811.775,700.0,700.0,1550,811.775,700.0,700.0,1550,Existing
Karoo,Hydra,Hydra 400/132,400/132,0,0,0,0.0,193.625,2018,Approved,1,500,500,-,0.0,700.0,700.0,1550,811.775,700.0,700.0,1550,Existing
Karoo,Hydra,Hydra 765/400,765/400,1,2000,2000,0.0,0.0,-,-,1,2000,2000,-,1960.0,5050.0,5050.0,1550,1960,5050.0,5050.0,1550,Existing
Karoo,Hydra B,Hydra B 400/132,400/132,0,0,0,45.0,0.0,2021,Proposed,1,500,500,-,535.0,5050.0,5050.0,1550,535,5050.0,5050.0,1550,Planned
Karoo,Kronos,Kronos 400/132,400/132,1,250,250,0.0,118.95,2019,Proposed,2,250,500,462.83,371.05,1700.0,1700.0,1550,371.05,1700.0,1700.0,1550,Existing
Karoo,Roodekuil,Roodekuil 220/132,220/132,1,125,125,0.0,0.0,-,-,1,125,125,-,122.5,575.0,575.0,1550,122.5,575.0,575.0,1550,Existing
Karoo,Ruigtevallei,Ruigtevallei 132/66,132/66,2,20,40,0.0,0.0,2020,Approved,3,20,60,-,58.8,58.8,58.8,1550,58.8,58.8,58.8,1550,Existing
Karoo,Ruigtevallei,Ruigtevallei 220/132,220/132,2,250,500,0.0,0.0,-,-,1,250,250,69.9,245.0,245.0,245.0,1550,245,245.0,245.0,1550,Existing
Kimberly,Upington,Upington 400/132,400/132,0,0,0,0.0,0.0,2020,Proposed,2,500,1000,383.9,980.0,900.0,1600.0,2150,980,900.0,1600.0,2150,Existing
Kimberly,Ferrum,Ferrum 132/66,132/66,3,80,240,24.0,0.0,-,-,3,80,240,-,259.2,259.2,259.2,2150,259.2,259.2,259.2,2150,Existing
Kimberly,Ferrum,Ferrum 275/132,275/132,2,250,500,15.0,40.0,-,-,2,250,500,224,465.0,1450.0,1450.0,2150,465,1450.0,1450.0,2150,Existing
Kimberly,Ferrum,Ferrum 400/132,400/132,2,500,1000,10.0,40.0,-,-,2,500,1000,100,950.0,1775.0,1775.0,2150,950,1775.0,1775.0,2150,Existing
Kimberly,Garona,Garona 275/132,275/132,1,125,125,5.0,0.0,-,-,1,125,125,50,127.5,1250.0,1250.0,2150,127.5,1250.0,1250.0,2150,Existing
Kimberly,Nieuwehoop,Nieuwehoop 400/132,400/132,1,500,500,0.0,0.0,-,-,1,500,500,-,490.0,1000.0,1000.0,2150,490,1000.0,1000.0,2150,Existing
Kimberly,Olien,Olien 275/132,275/132,2,150,300,53.0,0.0,-,-,2,150,300,239,347.0,1350.0,1350.0,2150,347,1350.0,1350.0,2150,Existing
Ladysmith,Bloukrans,Bloukrans 275/132,275/132,2,250,500,0.0,0.0,-,-,2,250,500,-,490.0,450.0,450.0,1400,490,800.0,800.0,1400,Existing
Ladysmith,Danskraal,Danskraal 275/132,275/132,2,125,250,25.0,0.0,-,-,2,125,250,-,270.0,550.0,550.0,1400,270,650.0,650.0,1400,Existing
Ladysmith,Tugela,Tugela 275/132,275/132,2,180,360,12.0,0.0,-,-,2,180,360,9,364.8,700.0,700.0,1400,364.8,950.0,950.0,1400,Existing
Ladysmith,Venus,Venus 400/275,400/275,2,800,1600,0.0,0.0,-,-,2,800,1600,-,1568.0,5650.0,5650.0,1400,1568,4150.0,4150.0,1400,Existing
Lephalale,Spitskop,Spitskop 275/88,275/88,2,315,630,92.0,0.0,-,-,2,315,630,-,709.4,2150.0,2150.0,2900,709.4,2150.0,650.0,2900,Existing
Lephalale,Spitskop,Spitskop 400/132,400/132,2,500,1000,128.0,0.0,-,-,3,500,1500,-,1598.0,4050.0,5375.0,#REF!,1598,2200.0,650.0,2850,Existing
Lephalale,Spitskop,Spitskop 400/275,400/275,2,800,1600,0.0,0.0,-,-,2,800,1600,-,1568.0,4050.0,5375.0,2900,1568,2200.0,650.0,2850,Existing
Lephalale,Warmbad,Warmbad 275/132,275/132,2,125,250,5.0,0.0,-,-,2,125,250,-,250.0,750.0,750.0,2900,250,750.0,750.0,2850,Existing
Lowveld,Gumeni,Gumeni 400/132,400/132,2,500,1000,25.0,0.0,,,2,500,1000,-,1005.0,2300.0,2300.0,2300,1005,0.0,0.0,5350,Existing
Lowveld,Khanyazwe,Khanyazwe 275/132,275/132,1,250,250,10.45,0.0,-,-,1,250,250,-,255.45,800.0,800.0,2300,255.45,0.0,0.0,5350,Existing
Lowveld,Komatipoort,Komatipoort 275/132,275/132,2,125,250,37.0,0.0,-,-,2,125,250,-,282.0,750.0,750.0,2300,282,0.0,0.0,5350,Existing
Lowveld,Marathon,Marathon 132/66,132/66,2,40,80,25.0,0.0,-,-,2,40,80,-,103.4,103.4,103.4,2300,103.4,0.0,0.0,5350,Existing
Lowveld,Marathon,Marathon 275/132,275/132,2,500,1000,88.0,0.0,-,-,2,500,1000,25,1068.0,1850.0,1850.0,2300,1068,0.0,0.0,5350,Existing
Lowveld,Prairie,Prairie 275/132,275/132,2,240,480,9.0,0.0,-,,2,240,480,6.76,479.4,1550.0,1550.0,2300,479.4,0.0,0.0,5350,Existing
Lowveld,Simplon,Simplon 275/132,275/132,2,250,500,40.0,0.0,-,-,2,250,500,-,530.0,1000.0,1000.0,2300,530,0.0,0.0,5350,Existing
Middelburg,Rockdale,Rockdale 132/88,132/88,1,80,80,16.0,0.0,-,,1,80,80,-,94.4,94.4,94.4,1050,94.4,94.4,94.4,1350,Existing
Middelburg,Rockdale,Rockdale 132/88,132/88,3,30,90,16.0,0.0,,,3,30,90,-,104.2,104.2,104.2,1050,94.4,94.4,94.4,1350,Existing
Middelburg,Rockdale,Rockdale 275/132,275/132,2,500,1000,16.0,0.0,-,-,2,500,1000,-,996.0,500.0,500.0,1050,996,500.0,500.0,1350,Existing
Namaqualand,Aggeneis,Aggeneis 220/66,220/66,2,40,80,23.0,68.35,-,-,2,40,80,40,33.05,600.0,950.0,1425,33.05,600.0,950.0,1425,Existing
Namaqualand,Aggeneis,Aggeneis 400/220,400/220,2,315,630,23.0,0.0,-,-,2,315,630,471.35,640.4,550.0,550.0,1425,640.4,550.0,550.0,1425,Existing
Namaqualand,Aries,Aries 400/22,400/22,1,45,45,0.0,0.0,-,-,1,45,45,9.65,44.1,1425.0,1425.0,1425,44.1,1425.0,1425.0,1425,Existing
Namaqualand,Gromis,Gromis 220/66,220/66,2,40,80,1.0,0.0,-,-,2,40,80,-,79.4,400.0,400.0,1425,79.4,400.0,400.0,1425,Existing
Namaqualand,Gromis,Gromis 400/220,400/220,0,0,0,1.0,0.0,2020,Proposed,1,315,315,-,309.7,700.0,700.0,1425,309.7,700.0,700.0,1425,Existing
Namaqualand,Nama,Nama 220/66,220/66,2,80,160,5.0,50.0,-,-,2,80,160,-,111.8,175.0,350.0,1425,111.8,175.0,350.0,1425,Existing
Namaqualand,Oranjemond,Oranjemond 220/66,220/66,2,80,160,0.0,0.0,-,-,2,80,160,-,156.8,700.0,700.0,1425,156.8,700.0,700.0,1425,Existing
Namaqualand,Paulputs,Paulputs 132/33,132/33,1,10,10,3.0,0.0,-,-,1,10,10,10,12.8,12.8,12.8,1425,12.8,12.8,12.8,1425,Existing
Namaqualand,Paulputs,Paulputs 220/132,220/132,1,125,125,3.0,0.0,-,-,1,125,125,119.65,125.5,425.0,450.0,1425,125.5,425.0,450.0,1425,Existing
Namaqualand,Paulputs,Paulputs 220/132,220/132,1,250,250,3.0,0.0,2020,Proposed,2,250,500,-,493.0,425.0,450.0,1425,125.5,425.0,450.0,1425,Existing
Newcastle,Bloedrivier,Bloedrivier 275/88,275/88,2,160,320,0.0,0.0,-,-,2,160,320,-,313.6,750.0,750.0,2800,313.6,850.0,850.0,4350,Existing
Newcastle,Chivelston,Chivelston 400/275,400/275,1,800,800,0.0,0.0,-,-,1,800,800,-,784.0,2700.0,2700.0,2800,784,2050.0,2050.0,4350,Existing
Newcastle,Incandu,Incandu 400/132,400/132,1,500,500,133.0,0.0,-,-,1,500,500,-,623.0,1800.0,1900.0,2800,623,1800.0,1800.0,4350,Existing
Newcastle,Incandu,Incandu 400/132,400/132,2,315,630,133.0,0.0,-,-,2,315,630,-,750.4,1800.0,1900.0,2800,623,1800.0,1800.0,4350,Existing
Newcastle,Ingagane,Ingagane 275/88,275/88,2,160,320,0.0,0.0,-,-,2,160,320,-,313.6,1250.0,1250.0,2800,313.6,1700.0,1700.0,4350,Existing
Highveld South,Normandie,Normandie 132/88,132/88,1,160,160,38.0,0.0,-,-,1,160,160,-,194.8,1650.0,1650.0,3150,194.8,2425.0,2425.0,5350,Existing
Highveld South,Normandie,Normandie 400/88,400/88,2,160,320,38.0,0.0,-,-,2,160,320,-,351.6,4450.0,4450.0,3150,351.6,0.0,0.0,5350,Existing
Highveld South,Normandie,Normandie 400/132,400/132,2,250,500,38.0,0.0,-,-,2,250,500,-,528.0,4450.0,4450.0,2800,528,0.0,0.0,5350,Existing
Newcastle,Umfolozi,Umfolozi 400/88,400/88,2,160,320,38.0,0.0,-,-,2,160,320,-,351.6,4450.0,4450.0,2800,351.6,4675.0,4675.0,2800,Existing
Outeniqua,Agullas,Agullas 400/132,400/132,0,0,0,0.0,0.0,-,-,2,500,1000,-,980.0,1650.0,1650.0,4850,980,1650.0,1650.0,2725,Planned
Outeniqua,Asteria,Asteria 400/132,400/132,0,0,0,51.0,0.0,2022,Approved,2,500,1000,-,1031.0,1650.0,1650.0,4850,1031,1650.0,1650.0,2725,Planned
Outeniqua,Bacchus,Bacchus 400/132,400/132,2,500,1000,58.0,29.045,-,-,2,500,1000,94.09,1008.955,3300.0,3300.0,4850,1008.955,2400.0,2400.0,2725,Existing
Outeniqua,Droerivier,Droerivier 400/132,400/132,2,120,240,19.0,50.0,-,-,2,120,240,-,204.2,4875.0,4875.0,4850,204.2,3125.0,3125.0,2725,Existing
Outeniqua,Kappa,Kappa 765/400,765/400,1,2000,2000,0.0,0.0,-,-,1,2000,2000,-,1960.0,3700.0,3700.0,4850,1960,2625.0,3700.0,2725,Existing
Outeniqua,Proteus,Proteus 132/66,132/66,2,80,160,134.0,0.0,-,-,2,80,160,-,290.8,160.0,160.0,4850,290.8,160.0,160.0,2725,Existing
Outeniqua,Proteus,Proteus 400/132,400/132,2,500,1000,134.0,0.0,-,-,2,500,1000,-,1114.0,1200.0,1200.0,4850,1114,1750.0,1750.0,2725,Existing
Peninsula,Acacia,Acacia 132/66,132/66,2,120,240,210.0,0.0,-,-,2,120,240,-,445.2,445.2,445.2,5575,445.2,445.2,445.2,4450,Existing
Peninsula,Acacia,Acacia 400/132,400/132,3,500,1500,210.0,0.0,-,-,3,500,1500,-,1680.0,3700.0,3700.0,5575,1680,3700.0,3700.0,4450,Existing
Peninsula,Muldersvlei,Muldersvlei 132/66,132/66,2,80,160,170.0,67.6,-,-,2,80,160,-,259.2,4750.0,4750.0,5575,259.2,2375.0,2375.0,4450,Existing
Peninsula,Muldersvlei,Muldersvlei 400/132,400/132,3,500,1500,170.0,67.6,-,-,3,500,1500,-,1572.4,4750.0,4750.0,5575,1572.4,2375.0,2375.0,4450,Existing
Peninsula,Philippi,Philippi 400/132,400/132,2,500,1000,215.0,0.0,-,-,2,500,1000,-,1195.0,1950.0,1950.0,5575,1195,1450.0,1450.0,4450,Existing
Peninsula,Pinotage,Pinotage 400/132,400/132,0,0,0,108.0,0.0,2018,Approved,2,500,1000,-,1088.0,1500.0,1500.0,5575,1088,1500.0,1500.0,4450,Planned
Peninsula,Sterrekus,Sterrekus 765/400,765/400,1,2000,2000,0.0,0.0,-,-,1,2000,2000,-,1960.0,3100.0,3100.0,5575,1960,3100.0,3100.0,4450,Existing
Peninsula,Stikland,Stikland 400/132,400/132,3,500,1500,210.0,0.0,-,-,3,500,1500,-,1680.0,3100.0,3100.0,5575,1680,3100.0,3100.0,4450,Existing
Phalaborwa,Acornhoek,Acornhoek 275/132,275/132,2,125,250,0.0,0.0,-,-,2,125,250,-,245.0,1000.0,1000.0,3600,245,2250.0,1950.0,3600,Existing
Phalaborwa,Foskor,Foskor 275/132,275/132,3,250,750,133.0,0.0,-,-,3,250,750,-,868.0,900.0,900.0,3600,868,900.0,900.0,3600,Existing
Phalaborwa,Merensky,Merensky 275/132,275/132,2,250,500,42.0,0.0,-,-,2,250,500,-,532.0,2450.0,2550.0,3600,532,2550.0,2550.0,3600,Existing
Phalaborwa,Merensky,Merensky 400/132,400/132,1,500,500,42.0,0.0,-,-,1,500,500,-,532.0,3150.0,3150.0,3600,532,3900.0,3900.0,3600,Existing
Phalaborwa,Merensky,Merensky 400/275,400/275,3,400,1200,42.0,0.0,-,-,3,400,1200,-,1218.0,3150.0,3150.0,3600,1218,3900.0,3900.0,3600,Existing
Phalaborwa,Senakangwedi,Senakangwedi 275/33,275/33,2,180,360,41.0,0.0,-,-,2,180,360,-,393.8,1450.0,1450.0,3600,393.8,1400.0,1400.0,3600,Existing
Pinetown,Ariadne,Ariadne 400/132,400/132,2,500,1000,0.0,0.0,-,-,2,500,1000,-,980.0,2900.0,2900.0,4650,980,3250.0,3250.0,4225,Existing
Pinetown,Avon,Avon 275/132,275/132,3,250,750,0.0,0.0,2017,-,3,250,750,-,735.0,1500.0,1500.0,4650,735,1850.0,1850.0,4225,Existing
Pinetown,Eros,Eros 400/132,400/132,2,500,1000,98.0,0.0,-,-,2,500,1000,-,1078.0,2675.0,2675.0,4650,1078,2950.0,2950.0,4225,Existing
Pinetown,Georgedale,Georgedale 132/88,132/88,2,45,90,24.0,0.0,-,-,2,45,90,-,112.2,112.0,112.0,4650,112.2,112.0,112.0,4225,Existing
Pinetown,Georgedale,Georgedale 275/132,275/132,2,150,300,24.0,0.0,,,1,150,150,-,171.0,1500.0,1500.0,4650,171,1200.0,1200.0,4225,Existing
Pinetown,Georgedale,Georgedale 275/132,275/132,1,250,250,24.0,0.0,-,-,1,250,250,-,269.0,1500.0,1500.0,4650,171,1200.0,1200.0,4225,Existing
Pinetown,Hector,Hector 400/275,400/275,3,800,2400,0.0,0.0,-,-,3,800,2400,-,2352.0,3150.0,3150.0,4650,2352,4200.0,4200.0,4225,Existing
Pinetown,Illovo,Illovo 132/88,132/88,1,80,80,0.0,0.0,-,-,1,80,80,-,78.4,80.0,80.0,4650,78.4,80.0,80.0,4225,Existing
Pinetown,Illovo,Illovo 275/132,275/132,2,250,500,0.0,0.0,-,-,2,250,500,-,490.0,1900.0,1900.0,4650,490,2300.0,2300.0,4225,Existing
Pinetown,Mersey,Mersey 275/132,275/132,2,250,500,42.0,0.0,-,-,2,250,500,-,532.0,3200.0,3200.0,4650,532,3425.0,3425.0,4225,Existing
Pinetown,Mersey,Mersey 400/275,400/275,3,800,2400,42.0,0.0,-,-,3,800,2400,-,2394.0,5100.0,5500.0,4650,2394,3462.0,3462.0,4225,Existing
Polokwane,Leseding,Leseding 400/132,400/132,2,500,1000,215.0,0.0,-,-,2,500,1000,-,1195.0,2150.0,2150.0,2150,1195,2150.0,2150.0,2150,Existing
Polokwane,Spencer,Spencer 275/132,275/132,2,250,500,70.0,0.0,-,-,2,250,500,-,560.0,950.0,950.0,2150,560,1050.0,350.0,2150,Existing
Polokwane,Tabor,Tabor 275/132,275/132,2,250,500,96.0,0.0,-,-,2,250,500,28,586.0,800.0,800.0,2150,586,900.0,350.0,2150,Existing
Polokwane,Tabor,Tabor 400/132,400/132,1,500,500,96.0,0.0,-,-,1,500,500,-,586.0,500.0,500.0,2150,586,500.0,350.0,2150,Existing
Polokwane,Witkop,Witkop 400/275,400/275,2,400,800,170.0,0.0,-,-,2,400,800,-,954.0,1450.0,1450.0,2150,954,900.0,350.0,2150,Existing
Polokwane,Witkop,Witkop 400/132,400/132,3,500,1500,170.0,0.0,-,-,3,500,1500,30,1640.0,1350.0,1350.0,2150,1640,1050.0,375.0,2150,Existing
Port Elizabeth,Dedisa,Dedisa 400/132,400/132,2,500,1000,85.0,0.0,2022,Proposed,3,500,1500,-,1555.0,1300.0,2015.0,1300,1555,2200.0,2200.0,2200,Existing
Port Elizabeth,Grassridge,Grassridge 220/132,220/132,2,360,720,167.0,0.0,-,-,2,360,720,26.19,872.6,1300.0,2650.0,1300,872.6,2200.0,2200.0,2200,Existing
Port Elizabeth,Grassridge,Grassridge 400/132,400/132,4,500,2000,167.0,321.125,-,-,4,500,2000,616.06,1805.875,750.0,15.0,1300,1805.875,1800.0,1800.0,2200,Existing
Port Elizabeth,Poseidon,Poseidon 220/66,220/66,1,40,40,24.0,0.0,-,-,1,40,40,-,63.2,1000.0,1000.0,1300,63.2,2200.0,2200.0,2200,Existing
Port Elizabeth,Poseidon,Poseidon 220/66,220/66,1,80,80,24.0,0.0,-,-,1,80,80,-,102.4,1000.0,1000.0,1300,63.2,2200.0,2200.0,2200,Existing
Port Elizabeth,Poseidon,Poseidon 220/132,220/132,2,125,250,24.0,0.0,-,-,2,125,250,158.4,269.0,1000.0,1000.0,1300,269,2200.0,2200.0,1300,Existing
Port Elizabeth,Poseidon,Poseidon 400/132,400/132,0,0,0,24.0,319.76,-,-,1,500,500,481.12,194.24,1300.0,1300.0,1300,194.24,2200.0,2200.0,2200,Existing
Port Elizabeth,Poseidon,Poseidon 400/220,400/220,2,500,1000,24.0,0.0,-,-,2,500,1000,-,1004.0,1000.0,1000.0,1300,1004,2200.0,2200.0,2200,Existing
Rustenburg,Ararat,Ararat 275/88,275/88,3,315,945,95.0,0.0,-,-,3,315,945,-,1021.1,850.0,850.0,2600,1021.1,900.0,900.0,5650,Existing
Rustenburg,Bighorn,Bighorn 275/88,275/88,3,315,945,210.0,0.0,-,-,3,315,945,-,1136.1,2300.0,2600.0,2600,1136.1,2600.0,2200.0,5650,Existing
Rustenburg,Bighorn,Bighorn 400/275,400/275,2,800,1600,210.0,0.0,-,-,2,800,1600,-,1778.0,4200.0,4200.0,2600,1778,4200.0,4200.0,5650,Existing
Rustenburg,Dinaledi,Dinaledi 400/132,400/132,2,500,1000,142.0,0.0,-,-,3,500,1500,-,1612.0,4050.0,4050.0,2600,1612,3950.0,3950.0,5650,Existing
Rustenburg,Marang,Marang 400/88,400/88,4,315,1260,88.0,0.0,-,-,4,315,1260,-,1322.8,2700.0,2700.0,2600,1322.8,2650.0,2650.0,5650,Existing
Rustenburg,Ngwedi (Mogwase),Ngwedi (Mogwase) 400/132,400/132,1,500,500,87.0,0.0,2020,-,2,500,1000,-,1067.0,3300.0,3300.0,2600,1067,3225.0,3225.0,5650,Planned
Rustenburg,Trident,Trident 275/88,275/88,2,315,630,153.0,0.0,-,-,2,315,630,-,770.4,1550.0,1650.0,2600,770.4,2500.0,1550.0,5650,Existing
Sasolburg,Mercury,Mercury 400/132,400/132,2,500,1000,42.0,0.0,-,-,2,500,1000,67.9,1022.0,2250.0,2250.0,2200,1022,2300.0,2300.0,2700,Existing
Tshwane,Lomond,Lomond 275/88,275/88,2,315,630,75.0,0.0,-,-,2,315,630,50,692.4,900.0,1470.0,4550,692.4,900.0,1470.0,4550,Existing
Tshwane,Pelly,Pelly 275/132,275/132,2,250,500,58.0,0.0,-,-,2,250,500,-,548.0,1050.0,1050.0,4550,548,1050.0,1050.0,4550,Existing
Tshwane,Thuso (Verwoedburg),Thuso (Verwoedburg) 400/132,400/132,2,250,500,51.0,0.0,2025,Proposed,2,250,500,-,541.0,750.0,750.0,4550,541,750.0,750.0,4550,Existing
Vaal Triangle,Glockner,Glockner 400/275,400/275,3,800,2400,0.0,0.0,-,-,3,800,2400,-,2352.0,3100.0,3100.0,4500,2352,2800.0,2800.0,400,Existing
Vaal Triangle,Kookfontein,Kookfontein 275/88,275/88,2,315,630,0.0,0.0,2017,,3,315,945,-,926.1,750.0,750.0,4500,926.1,800.0,800.0,400,Existing
Sasolburg,Makalu,Makalu 275/88,275/88,4,160,640,117.0,0.0,-,-,4,160,640,-,744.2,2550.0,2550.0,2200,744.2,2350.0,2350.0,2700,Existing
Vaal Triangle,Olympus,Olympus 275/132,275/132,2,250,500,35.0,0.0,-,-,2,250,500,-,525.0,850.0,2200.0,4500,525,850.0,750.0,400,Existing
Vaal Triangle,Rigi,Rigi 275/88,275/88,3,315,945,134.0,0.0,-,-,3,315,945,-,1060.1,1750.0,2300.0,4500,1060.1,500.0,50.0,400,Existing
Sasolburg,Scafell,Scafell 275/132,275/132,2,135,270,0.0,0.0,-,-,2,135,270,-,264.6,900.0,900.0,2200,264.6,1100.0,1100.0,2700,Existing
Vaal Triangle,Snowdon,Snowdon 275/88,275/88,3,160,480,68.0,0.0,-,-,3,160,480,-,538.4,3200.0,3650.0,4500,538.4,450.0,450.0,400,Existing
Lephalale,Warmbad,Warmbad 132/66,132/66,2,40,80,5.0,0.0,-,-,2,40,80,-,83.4,0.0,0.0,1400,83.4,83.4,83.4,2850,Existing
Welkom,Everest,Everest 275/132,275/132,2,500,1000,0.0,0.0,-,-,2,500,1000,-,980.0,1400.0,1400.0,2600,980,2800.0,2800.0,1800,Existing
Welkom,Leander,Leander 400/132,400/132,2,500,1000,0.0,0.0,-,-,2,500,1000,-,980.0,1650.0,1650.0,2600,980,2700.0,2600.0,1800,Existing
Welkom,Sorata,Sorata 275/132,275/132,0,0,0,28.0,0.0,2020,Proposed,1,250,250,-,273.0,0.0,0.0,2600,273,273.0,273.0,1800,Existing
Welkom,Theseus,Theseus 400/132,400/132,2,500,1000,172.0,0.0,-,-,2,500,1000,-,1152.0,1675.0,1675.0,2600,1152,2700.0,2500.0,1800,Existing
West Coast,Aurora,Aurora 400/132,400/132,4,250,1000,0.0,80.6,2021,Proposed,2,500,1000,250.2,899.4,1650.0,1650.0,2150,899.4,1575.0,1575.0,2875,Existing
Namaqualand,Helios,Helios 22/66,22/66,1,10,10,0.0,0.0,,,1,10,10,-,9.8,9.8,9.8,1425,9.8,9.8,9.8,1425,Existing
Namaqualand,Helios,Helios 132/66,132/66,0,0,0,0.0,0.0,2019,Approved,1,20,20,-,19.6,19.6,19.6,1425,19.6,19.6,19.6,1425,Existing
Namaqualand,Helios,Helios 400/22,400/22,1,45,45,0.0,0.0,-,-,1,45,45,-,44.1,700.0,950.0,1425,44.1,700.0,950.0,1425,Existing
Namaqualand,Helios,Helios 400/132,400/132,3,500,1500,13.0,0.0,-,-,3,500,1500,-,1483.0,700.0,950.0,1425,1483,700.0,950.0,1425,Existing
West Coast,Juno,Juno 132/66,132/66,2,40,80,14.0,50.0,-,-,2,80,160,8.8,120.8,120.8,120.8,2150,120.8,120.8,120.8,2875,Existing
West Coast,Juno,Juno 400/132,400/132,2,120,240,14.0,0.0,-,-,2,500,1000,-,994.0,2100.0,3400.0,2150,994,1575.0,1575.0,2875,Existing
West Rand,Bernina,Bernina 275/132,275/132,4,240,960,127.0,0.0,-,-,4,240,960,-,1067.8,2100.0,2100.0,4950,1067.8,1950.0,1950.0,2550,Existing
West Rand,Etna,Etna 275/88,275/88,2,315,630,71.0,0.0,-,-,2,315,630,1,688.4,2650.0,2800.0,4950,688.4,3000.0,2550.0,4550,Existing
West Rand,Hera,Hera 400/275,400/275,2,800,1600,67.0,0.0,-,-,2,800,1600,-,1635.0,2900.0,2900.0,4950,1635,3600.0,3600.0,4550,Existing
West Rand,Princess,Princess 275/88,275/88,3,315,945,106.0,0.0,-,-,3,315,945,-,1032.1,1100.0,1100.0,4950,1032.1,950.0,950.0,4550,Existing
West Rand,Quattro,Quattro 275/132,275/132,0,0,0,65.0,0.0,2021,Proposed,2,500,1000,-,1045.0,2150.0,2150.0,4950,1045,2600.0,2600.0,4550,Planned
West Rand,Taunus,Taunus 275/132,275/132,3,500,1500,0.0,0.0,-,-,3,500,1500,4.8,1470.0,2800.0,2800.0,4950,1470,2500.0,2500.0,4550,Existing
West Rand,Westgate,Westgate 275/132,275/132,2,500,1000,0.0,0.0,-,-,2,500,1000,-,980.0,1200.0,1200.0,4950,980,1650.0,1650.0,4550,Existing
Witbank,Kruispunt,Kruispunt 275/132,275/132,4,250,1000,0.0,0.0,-,-,4,250,1000,-,980.0,1150.0,1150.0,2350,980,1250.0,1250.0,2550,Existing
Witbank,Vulcan,Vulcan 400/132,400/132,2,500,1000,125.0,0.0,2022,Proposed,4,500,2000,-,2085.0,4400.0,4400.0,2350,1105,4075.0,4075.0,2550,Existing
Lephalale,Borutho,Borutho 400/132,400/132,2,500,1000,120.0,0.0,2022,Proposed,2,500,1000,-,1100.0,3600.0,3600.0,2900,1100,2250.0,600.0,2850,Existing
Middelburg,Emkhiweni (Rockdale B),Emkhiweni (Rockdale B) 400/132,400/132,0,0,0,0.0,0.0,2022,Proposed,2,500,1000,-,980.0,1500.0,1500.0,1050,980,3200.0,3200.0,1350,Planned
Phalaborwa,Silimela,Silimela 400/132,400/132,2,500,1000,39.0,0.0,2019,Approved,2,500,1000,-,1019.0,2150.0,2150.0,3600,1019,2400.0,2400.0,3600,Planned
Outeniqua,Komsberg,Komsberg 400/132,400/132,-,-,-,37.0,209.6,2020,Approved,1,500,500,-,317.4,1300.0,1300.0,4850,317.4,2000.0,2000.0,1350,Planned
Tshwane,Wildebees,Wildebees 400/132,400/132,-,-,-,33.0,0.0,2021,,2,315,630,-,650.4,1450.0,1450.0,4550,650.4,1450.0,1450.0,4550,Planned
Tshwane,Njala,Njala 275/132,275/132,4,250,1000,129.0,0.0,-,-,4,250,1000,-,1109.0,1550.0,1550.0,4550,1109,1550.0,1550.0,4550,Existing
Tshwane,Kwagga,Kwagga 275/132,275/132,4,300,1200,311.0,0.0,-,-,4,300,1200,-,1487.0,1850.0,1850.0,4550,1487,1850.0,1850.0,4550,Existing
Johannesburg South,Sebenza,Sebenza 275/88,275/88,-,-,-,37.0,0.0,2022,Approved,2,315,630,-,654.4,1150.0,1400.0,3900,654.4,1950.0,925.0,925,Planned
Johannesburg South,Prospect,Prospect 275/88,275/88,4,250,1000,134.0,209.6,-,-,4,250,1000,-,904.4,1150.0,1150.0,3900,1114,1850.0,925.0,925,Existing
